pose,time_s,trial,height,roll_deg,pitch_deg,gravity_error,speed,angular_speed,feet_contact,base_contact,joint_rms,stable_hold_s
side,0.02,0,0.655931293964386,8.462530136108398,-3.4137020111083984,0.15877556800842285,0.14003142714500427,1.6627815961837769,0,False,0.18889574706554413,0.0
side,0.04,0,0.6483844518661499,8.258832931518555,-4.0372395515441895,0.15985006093978882,0.5065672397613525,1.3089298009872437,0,False,0.3249532878398895,0.0
side,0.06,0,0.6364011168479919,10.541062355041504,-4.834779739379883,0.20128364861011505,0.6342682838439941,2.2465462684631348,0,False,0.3809935450553894,0.0
side,0.08,0,0.622825026512146,11.368053436279297,-5.065860748291016,0.2158718705177307,0.7208240032196045,0.6277955770492554,0,False,0.4543900191783905,0.0
side,0.1,0,0.6056891679763794,11.430075645446777,-4.609620094299316,0.21391227841377258,0.951467752456665,0.5494784712791443,0,False,0.4637313485145569,0.0
side,0.12,0,0.5851086378097534,9.82909107208252,-3.77388858795166,0.18304745852947235,1.1096364259719849,1.8564879894256592,0,False,0.4565395414829254,0.0
side,0.14,0,0.5598214268684387,7.933067321777344,-2.6160287857055664,0.14548251032829285,1.391353964805603,1.723545789718628,0,False,0.4555438160896301,0.0
side,0.16,0,0.5292969346046448,5.140984058380127,-1.7040952444076538,0.09444285184144974,1.6328444480895996,2.3738110065460205,0,False,0.47009915113449097,0.0
side,0.18,0,0.4951014220714569,4.125985145568848,-1.1281009912490845,0.07461992651224136,1.7746020555496216,0.574562668800354,0,False,0.4813724458217621,0.0
side,0.2,0,0.4584284722805023,4.273040771484375,-0.6565065383911133,0.07542937248945236,1.89141047000885,0.3994085490703583,0,False,0.48309317231178284,0.0
side,0.22,0,0.4184058904647827,4.9867706298828125,-0.43200451135635376,0.08733049780130386,2.0889267921447754,0.814229428768158,0,False,0.4801453649997711,0.0
side,0.24,0,0.3782654404640198,3.324573516845703,1.5215983390808105,0.06377775222063065,2.027620792388916,3.4725873470306396,2,False,0.4424397349357605,0.0
side,0.26,0,0.34255266189575195,-2.354649782180786,3.550335645675659,0.07427933067083359,1.7228633165359497,6.006717205047607,2,False,0.39756298065185547,0.0
side,0.28,0,0.3119141161441803,-4.503047466278076,5.024510860443115,0.11742383986711502,1.4863508939743042,2.5972490310668945,3,False,0.40177902579307556,0.0
side,0.3,0,0.2865796685218811,-3.315782070159912,5.988038539886475,0.11919037997722626,1.1896418333053589,2.6014742851257324,4,False,0.4252987205982208,0.0
side,0.32,0,0.2681405544281006,-2.6762070655822754,6.956386566162109,0.1298317015171051,0.8327041864395142,1.2759671211242676,4,False,0.4536624252796173,0.0
side,0.34,0,0.2618482708930969,-5.786016941070557,5.755145072937012,0.14183706045150757,0.28336602449417114,2.2438533306121826,4,False,0.4701099097728729,0.0
side,0.36,0,0.26290658116340637,-4.672192096710205,5.519994258880615,0.1258126199245453,0.34367185831069946,2.4346096515655518,4,False,0.47770023345947266,0.0
side,0.38,0,0.2688158452510834,-2.343609571456909,5.875484466552734,0.11024182289838791,0.43713051080703735,2.0410683155059814,4,False,0.4858812987804413,0.0
side,0.4,0,0.27734601497650146,-1.0130358934402466,5.673181533813477,0.1005193218588829,0.5154169201850891,1.141191840171814,4,False,0.4942503869533539,0.0
side,0.42,0,0.2877584397792816,-0.5215653777122498,4.9023284912109375,0.08601342886686325,0.5954211354255676,1.090082049369812,4,False,0.505072295665741,0.0
side,0.44,0,0.29958441853523254,-0.3024696707725525,3.804809331893921,0.06660241633653641,0.6521593332290649,1.2676799297332764,4,False,0.5246999859809875,0.0
side,0.46,0,0.31200364232063293,-0.021269431337714195,2.4154844284057617,0.04215666279196739,0.6535133123397827,1.4468201398849487,3,False,0.5441247224807739,0.0
side,0.48,0,0.32436734437942505,-0.1122046485543251,1.3709303140640259,0.024006618186831474,0.6386772990226746,1.2697418928146362,4,False,0.5416608452796936,0.0
side,0.5,0,0.3352755606174469,-0.5141236782073975,0.7481096982955933,0.01584230363368988,0.5183882117271423,1.0237433910369873,2,False,0.5354185104370117,0.0
side,0.52,0,0.3437337279319763,-1.383396029472351,0.6769108176231384,0.026877470314502716,0.38595545291900635,1.0930887460708618,2,False,0.5349797010421753,0.0
side,0.54,0,0.3493461012840271,-2.003925085067749,0.5604658126831055,0.036313124001026154,0.24914635717868805,0.645172655582428,1,False,0.533469557762146,0.0
side,0.56,0,0.352395623922348,-2.336799383163452,0.4494616389274597,0.041527777910232544,0.16172486543655396,0.6068525910377502,1,False,0.533365786075592,0.0
side,0.58,0,0.3531198799610138,-2.658954620361328,0.559696614742279,0.047417156398296356,0.16317979991436005,0.6353452205657959,1,False,0.5387471318244934,0.02
side,0.6,0,0.3518385887145996,-3.1359763145446777,0.7809516787528992,0.05639070272445679,0.21868331730365753,0.698239266872406,4,False,0.543407142162323,0.04
side,0.62,0,0.35088539123535156,-3.2651584148406982,0.5073235630989075,0.05766062065958977,0.19574885070323944,0.8902825713157654,4,False,0.5474599599838257,0.06
side,0.64,0,0.35071972012519836,-2.887759208679199,0.10448340326547623,0.05042843148112297,0.19857175648212433,0.8379569053649902,3,False,0.5539675951004028,0.08
side,0.66,0,0.350119411945343,-2.986701011657715,-0.010776028037071228,0.05212220922112465,0.21070817112922668,0.7321481704711914,3,False,0.5606422424316406,0.1
side,0.68,0,0.3493206202983856,-3.099896192550659,-0.15942159295082092,0.054167989641427994,0.2210947424173355,0.714691162109375,3,False,0.5661051869392395,0.12
side,0.7000000000000001,0,0.34875673055648804,-3.462587833404541,-0.37897148728370667,0.06078333035111427,0.22693318128585815,0.8970298171043396,4,False,0.570915162563324,0.14
side,0.72,0,0.3479107618331909,-3.954881191253662,-0.7934161424636841,0.070377878844738,0.23157083988189697,0.7817143201828003,4,False,0.5721975564956665,0.16
side,0.74,0,0.3464981019496918,-4.6575751304626465,-1.334612488746643,0.08450817316770554,0.2117922455072403,0.9945078492164612,4,False,0.5695766806602478,0.18
side,0.76,0,0.3452901244163513,-5.3710551261901855,-1.8387683629989624,0.09898276627063751,0.18900875747203827,0.7584250569343567,4,False,0.5691688656806946,0.2
side,0.78,0,0.3441092371940613,-5.655951976776123,-2.3460822105407715,0.10671834647655487,0.17297732830047607,0.5622702240943909,4,False,0.568684995174408,0.22
side,0.8,0,0.3428945243358612,-5.859093189239502,-2.7824862003326416,0.11300147324800491,0.15394723415374756,0.5152313113212585,4,False,0.5685208439826965,0.24
side,0.8200000000000001,0,0.34176912903785706,-6.016415119171143,-3.191080331802368,0.11860193312168121,0.13091784715652466,0.4962914288043976,3,False,0.5689656138420105,0.26
side,0.84,0,0.34070485830307007,-6.1335835456848145,-3.547075033187866,0.12334959208965302,0.1105051189661026,0.4393341839313507,3,False,0.5694732666015625,0.28
side,0.86,0,0.33971235156059265,-6.312005043029785,-3.8422040939331055,0.12860125303268433,0.0893963873386383,0.4356183707714081,3,False,0.5699914693832397,0.3
side,0.88,0,0.33883482217788696,-6.52846622467041,-4.098520755767822,0.1341087520122528,0.0708259791135788,0.4093979299068451,3,False,0.5706385970115662,0.32
side,0.9,0,0.33803489804267883,-6.742501258850098,-4.299864768981934,0.13909006118774414,0.05523550882935524,0.37184393405914307,3,False,0.5712569355964661,0.34
side,0.92,0,0.3373355269432068,-6.942276954650879,-4.461755752563477,0.1434999704360962,0.0400606244802475,0.33381351828575134,3,False,0.572007954120636,0.36
side,0.9400000000000001,0,0.3367195427417755,-7.098754405975342,-4.590510368347168,0.14697112143039703,0.029212133958935738,0.2791796624660492,4,False,0.5728365778923035,0.38
side,0.96,0,0.3361574411392212,-7.200704097747803,-4.681339263916016,0.14929679036140442,0.02225821651518345,0.2384691834449768,4,False,0.5736591815948486,0.4
side,0.98,0,0.33567553758621216,-7.261683940887451,-4.744621276855469,0.15077143907546997,0.0212631206959486,0.2130439132452011,4,False,0.5746951699256897,0.42
side,1.0,0,0.33523207902908325,-7.264277935028076,-4.783601760864258,0.1511743664741516,0.02514488436281681,0.1877199113368988,4,False,0.5756738185882568,0.44
side,1.02,0,0.3348429203033447,-7.254234313964844,-4.8024444580078125,0.15120680630207062,0.028723888099193573,0.17630325257778168,4,False,0.5767207145690918,0.46
side,1.04,0,0.33449843525886536,-7.219751834869385,-4.790088653564453,0.1505928933620453,0.03193880617618561,0.16933774948120117,4,False,0.5778197050094604,0.48
side,1.06,0,0.334200918674469,-7.171627521514893,-4.766215801239014,0.1496734917163849,0.035287827253341675,0.16162076592445374,4,False,0.5788926482200623,0.5
side,1.08,0,0.33393484354019165,-7.124733924865723,-4.727044582366943,0.14862696826457977,0.03793294355273247,0.15579909086227417,4,False,0.5799643993377686,0.52
side,1.1,0,0.333686500787735,-7.076165676116943,-4.679869651794434,0.14748059213161469,0.03992282971739769,0.14925172924995422,4,False,0.5810080766677856,0.54
side,1.12,0,0.3334636092185974,-7.0239973068237305,-4.626041889190674,0.1462196260690689,0.040729720145463943,0.1478392779827118,4,False,0.5820502638816833,0.56
side,1.1400000000000001,0,0.3332573473453522,-6.961019515991211,-4.568571090698242,0.14476822316646576,0.04078264907002449,0.14481167495250702,4,False,0.583095133304596,0.58
side,1.16,0,0.33306124806404114,-6.892338275909424,-4.5061116218566895,0.14318738877773285,0.04026121273636818,0.14152899384498596,4,False,0.5841036438941956,0.6
side,1.18,0,0.33287811279296875,-6.817774772644043,-4.4452056884765625,0.14153575897216797,0.03927037864923477,0.13610613346099854,4,False,0.5850889086723328,0.62
side,1.2,0,0.33270591497421265,-6.7457051277160645,-4.38477087020874,0.13992451131343842,0.03760470449924469,0.13199640810489655,4,False,0.5860975980758667,0.64
side,1.22,0,0.33253979682922363,-6.669485092163086,-4.325586795806885,0.13826443254947662,0.03614706173539162,0.13001006841659546,4,False,0.5870231986045837,0.66
side,1.24,0,0.33237794041633606,-6.592923164367676,-4.268838405609131,0.13662178814411163,0.0341414213180542,0.12212515622377396,4,False,0.5878958702087402,0.68
side,1.26,0,0.3322266638278961,-6.524521827697754,-4.2146897315979,0.13512180745601654,0.031870972365140915,0.11541405320167542,4,False,0.5887553095817566,0.7000000000000001
side,1.28,0,0.33207857608795166,-6.45969820022583,-4.165595531463623,0.1337207704782486,0.02946959249675274,0.10722014307975769,4,False,0.5895572304725647,0.72
side,1.3,0,0.3319404125213623,-6.404242038726807,-4.119714736938477,0.13248595595359802,0.026991311460733414,0.09965923428535461,4,False,0.5903007984161377,0.74
side,1.32,0,0.3318091332912445,-6.346131324768066,-4.0774006843566895,0.1312454491853714,0.024380605667829514,0.09505557268857956,4,False,0.5910009741783142,0.76
side,1.34,0,0.33168163895606995,-6.2941484451293945,-4.041738986968994,0.13015590608119965,0.02202633023262024,0.08563501387834549,4,False,0.5916604995727539,0.78
side,1.36,0,0.33155912160873413,-6.249469757080078,-4.009313583374023,0.12920287251472473,0.019629383459687233,0.07940790057182312,4,False,0.5922359228134155,0.8
side,1.3800000000000001,0,0.33144721388816833,-6.204198837280273,-3.982081890106201,0.12828925251960754,0.017204640433192253,0.07502482086420059,4,False,0.5928217172622681,0.8200000000000001
side,1.4000000000000001,0,0.33133238554000854,-6.16165018081665,-3.9584357738494873,0.12744858860969543,0.01510084792971611,0.06812546402215958,4,False,0.5932936072349548,0.84
side,1.42,0,0.3312300443649292,-6.1282548904418945,-3.9409918785095215,0.1267990916967392,0.013054577633738518,0.06268619745969772,4,False,0.5937761664390564,0.86
side,1.44,0,0.3311294615268707,-6.098138332366943,-3.9252874851226807,0.12621361017227173,0.011451479978859425,0.058080967515707016,4,False,0.5942274332046509,0.88
side,1.46,0,0.3310277462005615,-6.067316055297852,-3.9135513305664062,0.12565475702285767,0.009679101407527924,0.05288577452301979,4,False,0.5945702791213989,0.9
side,1.48,0,0.3309416174888611,-6.045899868011475,-3.904505729675293,0.1252581924200058,0.007986375130712986,0.05148071050643921,4,False,0.5948945879936218,0.92
side,1.5,0,0.3308667540550232,-6.02920389175415,-3.899815320968628,0.12497111409902573,0.00662580830976367,0.045056767761707306,4,False,0.5952495336532593,0.9400000000000001
side,1.52,0,0.33078116178512573,-6.010677814483643,-3.893599510192871,0.12464317679405212,0.005415660794824362,0.04034148529171944,4,False,0.5954849720001221,0.96
side,1.54,0,0.3307078182697296,-5.998135089874268,-3.8934850692749023,0.12445950508117676,0.004254860337823629,0.04048725962638855,4,False,0.5957054495811462,0.98
side,1.56,0,0.33064568042755127,-5.989338397979736,-3.8944456577301025,0.12434051930904388,0.003251137211918831,0.03899911791086197,4,False,0.5959060788154602,1.0
side,1.58,0,0.3305872976779938,-5.983222961425781,-3.8977932929992676,0.12428299337625504,0.002690105466172099,0.03429687023162842,4,False,0.5961112976074219,1.02
side,1.6,0,0.33052492141723633,-5.972708225250244,-3.900249719619751,0.12415328621864319,0.00205583730712533,0.031551823019981384,4,False,0.5962401628494263,1.04
side,1.62,0,0.33047372102737427,-5.964485168457031,-3.9050114154815674,0.12407869845628738,0.0012820580741390586,0.03255193680524826,4,False,0.5963823795318604,1.06
side,1.6400000000000001,0,0.33042770624160767,-5.958261489868164,-3.909487009048462,0.12403061240911484,0.0007604507263749838,0.02971506677567959,4,False,0.5965052247047424,1.08
side,1.6600000000000001,0,0.3303830623626709,-5.956053256988525,-3.914275884628296,0.12404382228851318,0.0003871229419019073,0.029959669336676598,4,False,0.5965922474861145,1.1
side,1.68,0,0.3303443491458893,-5.958270072937012,-3.920072555541992,0.12413075566291809,0.00043187718256376684,0.030177295207977295,4,False,0.596671998500824,1.12
side,1.7,0,0.3303094506263733,-5.959741592407227,-3.9260201454162598,0.12420836091041565,0.0006144594517536461,0.028021512553095818,4,False,0.5967330932617188,1.1400000000000001
side,1.72,0,0.33027833700180054,-5.961583137512207,-3.931831121444702,0.12429007142782211,0.0008447415311820805,0.027585875242948532,4,False,0.5967828631401062,1.16
side,1.74,0,0.33025115728378296,-5.963560581207275,-3.9378809928894043,0.12437603622674942,0.0010189174208790064,0.026653388515114784,4,False,0.5968262553215027,1.18
side,1.76,0,0.33023008704185486,-5.967316627502441,-3.9450442790985107,0.12449835985898972,0.0016008056700229645,0.030862538143992424,4,False,0.5968577265739441,1.2
side,1.78,0,0.33021000027656555,-5.968573570251465,-3.952275037765503,0.12458521127700806,0.0014735229779034853,0.023069271817803383,4,False,0.596913754940033,1.22
side,1.8,0,0.33018288016319275,-5.965515613555908,-3.9568777084350586,0.12458473443984985,0.0013678164687007666,0.022796569392085075,4,False,0.5969149470329285,1.24
side,1.82,0,0.33016538619995117,-5.9644455909729,-3.962937593460083,0.12462694197893143,0.0014579889830201864,0.024192050099372864,4,False,0.596956193447113,1.26
side,1.84,0,0.3301485478878021,-5.962665557861328,-3.966668128967285,0.12463677674531937,0.00113561877515167,0.02165067009627819,4,False,0.5969818830490112,1.28
side,1.86,0,0.3301319479942322,-5.965065002441406,-3.969776153564453,0.12470105290412903,0.001269504544325173,0.024902423843741417,4,False,0.5969934463500977,1.3
side,1.8800000000000001,0,0.3301192820072174,-5.969686508178711,-3.9731814861297607,0.12480027228593826,0.0013796795392408967,0.024335969239473343,4,False,0.5970146059989929,1.32
side,1.9000000000000001,0,0.3301069438457489,-5.972768306732178,-3.9752097129821777,0.1248641163110733,0.0013543575769290328,0.021755192428827286,4,False,0.5970432758331299,1.34
side,1.92,0,0.3300926983356476,-5.974966049194336,-3.9787960052490234,0.12493003159761429,0.0014390364522114396,0.02386556752026081,4,False,0.5970311760902405,1.36
side,1.94,0,0.3300824761390686,-5.97899866104126,-3.9807682037353516,0.12500706315040588,0.001671675592660904,0.021558871492743492,4,False,0.5970513820648193,1.3800000000000001
side,1.96,0,0.3300735056400299,-5.978296756744385,-3.9822797775268555,0.1250113546848297,0.001696732477284968,0.019489090889692307,4,False,0.5970655083656311,1.4000000000000001
side,1.98,0,0.33006563782691956,-5.977921009063721,-3.983607530593872,0.12501859664916992,0.0017872360767796636,0.02001204527914524,4,False,0.597079336643219,1.42
side,2.0,0,0.33005860447883606,-5.978038311004639,-3.9844706058502197,0.12502852082252502,0.0018307239515706897,0.01953066512942314,4,False,0.5970920920372009,1.44
side,2.02,0,0.33005261421203613,-5.978053092956543,-3.985114336013794,0.1250348836183548,0.0018974276026710868,0.019363893195986748,4,False,0.597103476524353,1.46
side,2.04,0,0.3300474286079407,-5.978283882141113,-3.9854984283447266,0.1250418871641159,0.0019391832174733281,0.019210707396268845,4,False,0.5971144437789917,1.48
side,2.06,0,0.33004283905029297,-5.9786057472229,-3.985670328140259,0.12504816055297852,0.0019892833661288023,0.01905374601483345,4,False,0.597124457359314,1.5
side,2.08,0,0.33003896474838257,-5.978782653808594,-3.9857842922210693,0.12505179643630981,0.002031518379226327,0.018817631527781487,4,False,0.5971345901489258,1.52
side,2.1,0,0.33003538846969604,-5.97876501083374,-3.9857337474823,0.12505106627941132,0.002051376039162278,0.01854247972369194,4,False,0.597143828868866,1.54
side,2.12,0,0.3300321698188782,-5.978521823883057,-3.9856297969818115,0.12504656612873077,0.0020802924409508705,0.018359389156103134,4,False,0.5971531867980957,1.56
side,2.14,0,0.33002936840057373,-5.9781904220581055,-3.985487699508667,0.1250404268503189,0.002095342380926013,0.01817222870886326,4,False,0.5971623659133911,1.58
side,2.16,0,0.3300267457962036,-5.977717399597168,-3.9852516651153564,0.12503135204315186,0.0021084723994135857,0.018034005537629128,4,False,0.5971701741218567,1.6
side,2.18,0,0.3300245702266693,-5.977236270904541,-3.9850170612335205,0.12502215802669525,0.0021220948547124863,0.018027592450380325,4,False,0.597178041934967,1.62
side,2.2,0,0.3300226032733917,-5.976772308349609,-3.9847376346588135,0.12501280009746552,0.002122169593349099,0.017964402213692665,4,False,0.5971851348876953,1.6400000000000001
side,2.22,0,0.33002087473869324,-5.976348400115967,-3.9844484329223633,0.12500391900539398,0.0021259079221636057,0.017982052639126778,4,False,0.5971919894218445,1.6600000000000001
side,2.24,0,0.33001911640167236,-5.976028919219971,-3.984140634536743,0.1249963715672493,0.0021287971176207066,0.017968283966183662,4,False,0.5971980690956116,1.68
side,2.2600000000000002,0,0.3300178349018097,-5.975743293762207,-3.9838967323303223,0.12498991936445236,0.0021300369407981634,0.017955215647816658,4,False,0.5972040891647339,1.7
side,2.2800000000000002,0,0.33001643419265747,-5.975381851196289,-3.983585834503174,0.12498175352811813,0.0021283687092363834,0.017903074622154236,4,False,0.597209095954895,1.72
side,2.3000000000000003,0,0.3300153613090515,-5.975052356719971,-3.983393669128418,0.12497515231370926,0.002138301730155945,0.018026059493422508,4,False,0.5972137451171875,1.74
side,2.32,0,0.3300141990184784,-5.974717617034912,-3.9831624031066895,0.12496811896562576,0.002125693717971444,0.017899909988045692,4,False,0.5972182154655457,1.76
side,2.34,0,0.3300132155418396,-5.974394798278809,-3.982997417449951,0.12496187537908554,0.002131110755726695,0.017979703843593597,4,False,0.5972224473953247,1.78
side,2.36,0,0.3300125002861023,-5.97406530380249,-3.982846260070801,0.1249556690454483,0.0021193542052060366,0.017900533974170685,4,False,0.5972265005111694,1.8
side,2.38,0,0.33001163601875305,-5.97385311126709,-3.9827041625976562,0.12495125085115433,0.0021212585270404816,0.018003443256020546,4,False,0.5972287058830261,1.82
side,2.4,0,0.3300110697746277,-5.973711967468262,-3.982619285583496,0.1249484121799469,0.0021207889076322317,0.01795640029013157,4,False,0.5972322225570679,1.84
side,2.42,0,0.33001038432121277,-5.973473072052002,-3.9825010299682617,0.12494383752346039,0.0021142391487956047,0.017964279279112816,4,False,0.5972334146499634,1.86
side,2.44,0,0.33000993728637695,-5.973377704620361,-3.982483386993408,0.12494228780269623,0.0021230047568678856,0.01807488314807415,4,False,0.5972363948822021,1.8800000000000001
side,2.46,0,0.33000943064689636,-5.973249912261963,-3.982450008392334,0.12494012713432312,0.002102846512570977,0.017972856760025024,4,False,0.597238302230835,1.9000000000000001
side,2.48,0,0.3300088047981262,-5.973194599151611,-3.9824466705322266,0.12493929266929626,0.002108854940161109,0.018099665641784668,4,False,0.5972389578819275,1.92
side,2.5,0,0.33000844717025757,-5.973140239715576,-3.98248028755188,0.12493883073329926,0.0021094544790685177,0.018009796738624573,4,False,0.5972411036491394,1.94
side,2.52,0,0.33000800013542175,-5.972981929779053,-3.9825246334075928,0.12493696808815002,0.0021011566277593374,0.018000395968556404,4,False,0.5972418785095215,1.96
side,2.54,0,0.3300077021121979,-5.97300910949707,-3.9825525283813477,0.12493763864040375,0.002102348953485489,0.018061591312289238,4,False,0.5972424745559692,1.98
side,2.56,0,0.330007404088974,-5.973010063171387,-3.98260235786438,0.12493812292814255,0.002105041639879346,0.018038511276245117,4,False,0.5972427129745483,2.0
side,2.58,0,0.3300071954727173,-5.973028659820557,-3.982661008834839,0.1249389499425888,0.0021081885788589716,0.018082039430737495,4,False,0.5972431898117065,2.02
side,2.6,0,0.33000707626342773,-5.973094940185547,-3.982706308364868,0.12494033575057983,0.0021113231778144836,0.01809232123196125,4,False,0.5972432494163513,2.04
side,2.62,0,0.3300069570541382,-5.973049163818359,-3.9828107357025146,0.12494067847728729,0.0021068076603114605,0.018035560846328735,4,False,0.5972437262535095,2.06
side,2.64,0,0.3300067186355591,-5.973126411437988,-3.9828221797943115,0.12494190782308578,0.0021040146239101887,0.018091026693582535,4,False,0.5972433090209961,2.08
side,2.66,0,0.33000653982162476,-5.973147869110107,-3.982948064804077,0.12494340538978577,0.0021137965377420187,0.01810351572930813,4,False,0.5972433090209961,2.1
side,2.68,0,0.33000653982162476,-5.973212718963623,-3.983006477355957,0.12494490295648575,0.0021091687958687544,0.01802258938550949,4,False,0.5972437858581543,2.12
side,2.7,0,0.3300064206123352,-5.973210334777832,-3.983076810836792,0.12494553625583649,0.0021089231595396996,0.018049227073788643,4,False,0.5972429513931274,2.14
side,2.72,0,0.33000630140304565,-5.973252773284912,-3.9831221103668213,0.12494657933712006,0.0021058155689388514,0.018045075237751007,4,False,0.5972431898117065,2.16
side,2.74,0,0.33000612258911133,-5.973285675048828,-3.9832043647766113,0.12494784593582153,0.0021153525449335575,0.0180935300886631,4,False,0.5972429513931274,2.18
side,2.7600000000000002,0,0.33000609278678894,-5.9733381271362305,-3.983242988586426,0.12494897097349167,0.002110718749463558,0.01801844872534275,4,False,0.5972428917884827,2.2
side,2.7800000000000002,0,0.3300060033798218,-5.973352432250977,-3.9833102226257324,0.12494982033967972,0.002116025425493717,0.018035229295492172,4,False,0.5972427725791931,2.22
side,2.8000000000000003,0,0.330005943775177,-5.9734392166137695,-3.9833030700683594,0.12495100498199463,0.0021106800995767117,0.018026044592261314,4,False,0.5972427129745483,2.24
side,2.82,0,0.330005943775177,-5.973483085632324,-3.9833900928497314,0.12495246529579163,0.0021227954421192408,0.0181086715310812,4,False,0.5972424149513245,2.2600000000000002
side,2.84,0,0.33000603318214417,-5.973508834838867,-3.9833996295928955,0.12495293468236923,0.0021120691671967506,0.017964379861950874,4,False,0.5972427725791931,2.2800000000000002
side,2.86,0,0.3300058841705322,-5.973529815673828,-3.98340106010437,0.1249532401561737,0.0021276327315717936,0.018090255558490753,4,False,0.5972411036491394,2.3000000000000003
side,2.88,0,0.33000603318214417,-5.973496913909912,-3.9834818840026855,0.12495353072881699,0.0021254292223602533,0.017977388575673103,4,False,0.5972424149513245,2.32
side,2.9,0,0.330005943775177,-5.973513603210449,-3.9834342002868652,0.12495332956314087,0.0021137548610568047,0.01798279397189617,4,False,0.5972418785095215,2.34
side,2.92,0,0.3300059139728546,-5.97355318069458,-3.983459711074829,0.12495414167642593,0.0021278501953929663,0.01803666725754738,4,False,0.5972414016723633,2.36
side,2.94,0,0.3300060033798218,-5.973571300506592,-3.98349666595459,0.12495476752519608,0.0021258641500025988,0.017986830323934555,4,False,0.5972421765327454,2.38
side,2.96,0,0.330005943775177,-5.97359561920166,-3.9834280014038086,0.1249544620513916,0.0021231796126812696,0.017991378903388977,4,False,0.5972410440444946,2.4
side,2.98,0,0.33000603318214417,-5.973616600036621,-3.9834797382354736,0.12495524436235428,0.0021288711577653885,0.018022654578089714,4,False,0.5972418785095215,2.42
side,3.0,0,0.3300060033798218,-5.973621845245361,-3.983433485031128,0.12495488673448563,0.002117406576871872,0.017938800156116486,4,False,0.5972415804862976,2.44
side,3.02,0,0.3300059735774994,-5.973628044128418,-3.9834821224212646,0.1249554306268692,0.002131725661456585,0.018064400181174278,4,False,0.597241222858429,2.46
side,3.04,0,0.3300058841705322,-5.973562240600586,-3.983447313308716,0.12495415657758713,0.0021266229450702667,0.017943866550922394,4,False,0.5972416400909424,2.48
side,3.06,0,0.3300060033798218,-5.973552703857422,-3.983466863632202,0.12495420128107071,0.0021274792961776257,0.018018556758761406,4,False,0.5972417593002319,2.5
side,3.08,0,0.330005943775177,-5.973546981811523,-3.983431339263916,0.12495379894971848,0.0021225514356046915,0.017974402755498886,4,False,0.5972414016723633,2.52
side,3.1,0,0.3300059735774994,-5.9735798835754395,-3.9834532737731934,0.1249544620513916,0.002128203399479389,0.01801323890686035,4,False,0.5972418189048767,2.54
side,3.12,0,0.330005943775177,-5.97353458404541,-3.9833874702453613,0.12495318055152893,0.0021239351481199265,0.017970962449908257,4,False,0.5972415208816528,2.56
side,3.14,0,0.3300060033798218,-5.973546504974365,-3.9834375381469727,0.12495383620262146,0.0021305792033672333,0.01803085021674633,4,False,0.5972417593002319,2.58
side,3.16,0,0.33000603318214417,-5.973555564880371,-3.9833788871765137,0.12495341897010803,0.0021164247300475836,0.017918873578310013,4,False,0.5972421765327454,2.6
side,3.18,0,0.3300059735774994,-5.973512172698975,-3.9833600521087646,0.12495259940624237,0.002133080270141363,0.01808743365108967,4,False,0.5972414016723633,2.62
side,3.2,0,0.3300061523914337,-5.973504543304443,-3.983391284942627,0.1249527856707573,0.0021249456331133842,0.017952701076865196,4,False,0.5972424745559692,2.64
side,3.22,0,0.3300060033798218,-5.973477363586426,-3.9833321571350098,0.12495183199644089,0.0021232482977211475,0.018032167106866837,4,False,0.5972414016723633,2.66
side,3.24,0,0.33000612258911133,-5.973517894744873,-3.9833853244781494,0.12495292723178864,0.002132493071258068,0.017995305359363556,4,False,0.5972422957420349,2.68
side,3.2600000000000002,0,0.33000612258911133,-5.9734392166137695,-3.9832820892333984,0.12495080381631851,0.002113990718498826,0.01789524406194687,4,False,0.597241997718811,2.7
side,3.2800000000000002,0,0.33000603318214417,-5.973465442657471,-3.983346462249756,0.1249517947435379,0.0021298255305737257,0.018105771392583847,4,False,0.5972416996955872,2.72
side,3.3000000000000003,0,0.33000609278678894,-5.973496913909912,-3.9833128452301025,0.12495192140340805,0.002126918639987707,0.017968352884054184,4,False,0.5972423553466797,2.74
side,3.3200000000000003,0,0.33000603318214417,-5.973465442657471,-3.9833054542541504,0.12495140731334686,0.002127397805452347,0.018025806173682213,4,False,0.5972420573234558,2.7600000000000002
side,3.34,0,0.33000606298446655,-5.973450660705566,-3.983342170715332,0.1249515488743782,0.0021246778778731823,0.017988992854952812,4,False,0.5972427129745483,2.7800000000000002
side,3.36,0,0.3300060033798218,-5.973449230194092,-3.9832587242126465,0.12495072185993195,0.002118630800396204,0.017970096319913864,4,False,0.5972418189048767,2.8000000000000003
side,3.38,0,0.33000606298446655,-5.973443984985352,-3.9833433628082275,0.12495145946741104,0.002129858825355768,0.01804242469370365,4,False,0.5972423553466797,2.82
side,3.4,0,0.33000603318214417,-5.973483085632324,-3.9832842350006104,0.12495145201683044,0.0021174424327909946,0.01794510893523693,4,False,0.5972421169281006,2.84
side,3.42,0,0.3300059735774994,-5.973453521728516,-3.9833452701568604,0.12495161592960358,0.0021264003589749336,0.01802867092192173,4,False,0.5972423553466797,2.86
side,3.44,0,0.3300060033798218,-5.973484039306641,-3.9833011627197266,0.12495163083076477,0.002119016833603382,0.01797143742442131,4,False,0.5972424149513245,2.88
side,3.46,0,0.33000609278678894,-5.973453521728516,-3.983346462249756,0.12495162338018417,0.002127820160239935,0.01801973022520542,4,False,0.5972421765327454,2.9
side,3.48,0,0.33000603318214417,-5.973466396331787,-3.983309507369995,0.12495145201683044,0.0021108665969222784,0.017955327406525612,4,False,0.5972422361373901,2.92
side,3.5,0,0.3300060033798218,-5.973493576049805,-3.9833240509033203,0.12495198845863342,0.002124039689078927,0.018038224428892136,4,False,0.597241997718811,2.94
side,3.52,0,0.33000606298446655,-5.973525524139404,-3.983362913131714,0.12495281547307968,0.0021218922920525074,0.01799117401242256,4,False,0.5972423553466797,2.96
side,3.54,0,0.33000603318214417,-5.973501682281494,-3.9833462238311768,0.12495231628417969,0.0021238825283944607,0.01801108755171299,4,False,0.5972417593002319,2.98
side,3.56,0,0.3300059735774994,-5.973499774932861,-3.983354330062866,0.12495236098766327,0.0021159432362765074,0.017972800880670547,4,False,0.5972421169281006,3.0
side,3.58,0,0.3300058841705322,-5.973541736602783,-3.983346462249756,0.12495289742946625,0.0021260790526866913,0.018017368391156197,4,False,0.5972421169281006,3.02
side,3.6,0,0.3300060033798218,-5.9735002517700195,-3.983377695083618,0.12495259195566177,0.0021228904370218515,0.01793924905359745,4,False,0.5972423553466797,3.04
side,3.62,0,0.330005943775177,-5.973517894744873,-3.9833295345306396,0.12495239824056625,0.0021181111223995686,0.017985323444008827,4,False,0.5972418785095215,3.06
side,3.64,0,0.3300059735774994,-5.973546028137207,-3.983367443084717,0.12495316565036774,0.0021250243298709393,0.018030639737844467,4,False,0.597241997718811,3.08
side,3.66,0,0.330005943775177,-5.9735589027404785,-3.9833717346191406,0.12495338171720505,0.002123436890542507,0.017982782796025276,4,False,0.5972422957420349,3.1
side,3.68,0,0.3300059139728546,-5.973554611206055,-3.983372211456299,0.12495333701372147,0.0021249204874038696,0.018005337566137314,4,False,0.5972422361373901,3.12
side,3.7,0,0.3300058841705322,-5.9735260009765625,-3.983370304107666,0.12495289742946625,0.0021183090284466743,0.01792970485985279,4,False,0.5972425937652588,3.14
side,3.72,0,0.3300058841705322,-5.973511219024658,-3.9833567142486572,0.12495256215333939,0.0021262408699840307,0.018044650554656982,4,False,0.597241997718811,3.16
side,3.74,0,0.330005943775177,-5.973543643951416,-3.9833998680114746,0.12495343387126923,0.0021226066164672375,0.0179856289178133,4,False,0.5972424149513245,3.18
side,3.7600000000000002,0,0.3300058841705322,-5.973483085632324,-3.9833500385284424,0.12495208531618118,0.0021212822757661343,0.01797107793390751,4,False,0.5972418785095215,3.2
side,3.7800000000000002,0,0.330005943775177,-5.973509788513184,-3.9834132194519043,0.12495306879281998,0.0021277472842484713,0.018042366951704025,4,False,0.5972424149513245,3.22
side,3.8000000000000003,0,0.33000582456588745,-5.973459720611572,-3.9833507537841797,0.12495175749063492,0.002116732532158494,0.017951196059584618,4,False,0.5972420573234558,3.24
side,3.8200000000000003,0,0.3300059139728546,-5.9734954833984375,-3.9833931922912598,0.12495267391204834,0.002133619273081422,0.018060952425003052,4,False,0.5972423553466797,3.2600000000000002
side,3.84,0,0.3300059139728546,-5.973470687866211,-3.983388900756836,0.1249522790312767,0.002117851050570607,0.017923619598150253,4,False,0.5972424745559692,3.2800000000000002
side,3.86,0,0.33000582456588745,-5.973495006561279,-3.983346939086914,0.12495221942663193,0.002124536084011197,0.018039841204881668,4,False,0.5972419381141663,3.3000000000000003
side,3.88,0,0.3300059735774994,-5.973537445068359,-3.983393669128418,0.12495327740907669,0.0021261645015329123,0.01802009530365467,4,False,0.5972423553466797,3.3200000000000003
side,3.9,0,0.33000585436820984,-5.973519325256348,-3.983330726623535,0.12495242804288864,0.0021153767593204975,0.017950011417269707,4,False,0.597241997718811,3.34
side,3.92,0,0.3300059139728546,-5.973519325256348,-3.98340106010437,0.12495309114456177,0.0021318646613508463,0.01804453320801258,4,False,0.5972422957420349,3.36
side,3.94,0,0.33000585436820984,-5.9735260009765625,-3.9833500385284424,0.12495270371437073,0.0021192424464970827,0.017928585410118103,4,False,0.5972426533699036,3.38
side,3.96,0,0.33000585436820984,-5.973459243774414,-3.983375310897827,0.12495197355747223,0.002133651403710246,0.01808624528348446,4,False,0.597241997718811,3.4
side,3.98,0,0.3300058841705322,-5.9734883308410645,-3.983384132385254,0.12495248764753342,0.0021240406204015017,0.0179760679602623,4,False,0.5972427129745483,3.42
side,4.0,0,0.33000585436820984,-5.973523139953613,-3.9833180904388428,0.12495236098766327,0.0021211658604443073,0.01798737235367298,4,False,0.5972421169281006,3.44
side,4.0200000000000005,0,0.3300059735774994,-5.973512172698975,-3.9834024906158447,0.1249530091881752,0.0021290311124175787,0.018006743863224983,4,False,0.597242534160614,3.46
side,4.04,0,0.3300059139728546,-5.9734883308410645,-3.9833264350891113,0.12495193630456924,0.0021223004441708326,0.0179440975189209,4,False,0.5972421765327454,3.48
side,4.0600000000000005,0,0.3300059735774994,-5.973472595214844,-3.9833884239196777,0.1249523013830185,0.0021307887509465218,0.018066097050905228,4,False,0.597241997718811,3.5
side,4.08,0,0.330005943775177,-5.973512649536133,-3.9833474159240723,0.12495249509811401,0.002117051975801587,0.017953192815184593,4,False,0.5972424149513245,3.52
side,4.1,0,0.330005943775177,-5.973499774932861,-3.9833478927612305,0.1249522939324379,0.002129877684637904,0.018063902854919434,4,False,0.5972418785095215,3.54
side,4.12,0,0.3300060033798218,-5.973494529724121,-3.9833550453186035,0.1249522864818573,0.0021271565929055214,0.017967896535992622,4,False,0.5972422957420349,3.56
side,4.14,0,0.33000603318214417,-5.97345495223999,-3.9833555221557617,0.12495172768831253,0.002121817320585251,0.01799285039305687,4,False,0.5972422361373901,3.58
side,4.16,0,0.3300059139728546,-5.973495006561279,-3.983339786529541,0.12495215237140656,0.00211970042437315,0.01799326390028,4,False,0.5972417593002319,3.6
side,4.18,0,0.3300059735774994,-5.973525524139404,-3.9833831787109375,0.1249530091881752,0.0021303491666913033,0.018024969846010208,4,False,0.597242534160614,3.62
side,4.2,0,0.3300060033798218,-5.973445892333984,-3.983314037322998,0.12495119869709015,0.0021161080803722143,0.017917459830641747,4,False,0.5972423553466797,3.64
side,4.22,0,0.33000585436820984,-5.973501682281494,-3.983341932296753,0.1249522715806961,0.0021322949323803186,0.01812065578997135,4,False,0.5972418785095215,3.66
side,4.24,0,0.3300060033798218,-5.973551273345947,-3.9833641052246094,0.12495320290327072,0.0021275996696203947,0.017982007935643196,4,False,0.5972425937652588,3.68
side,4.26,0,0.330005943775177,-5.973448753356934,-3.983311414718628,0.12495122104883194,0.00212084106169641,0.01796109229326248,4,False,0.597241997718811,3.7
side,4.28,0,0.3300060033798218,-5.973480224609375,-3.9833712577819824,0.12495224922895432,0.0021262546069920063,0.018071820959448814,4,False,0.5972425937652588,3.72
side,4.3,0,0.3300059735774994,-5.973401069641113,-3.983325242996216,0.12495066225528717,0.0021191437263041735,0.017911192029714584,4,False,0.5972421169281006,3.74
side,4.32,0,0.330005943775177,-5.973441123962402,-3.9833521842956543,0.12495149672031403,0.002126881619915366,0.018061216920614243,4,False,0.5972427129745483,3.7600000000000002
side,4.34,0,0.3300059735774994,-5.973448753356934,-3.98335337638855,0.12495162338018417,0.0021250469144433737,0.017980234697461128,4,False,0.5972422957420349,3.7800000000000002
side,4.36,0,0.3300060033798218,-5.973420143127441,-3.9833409786224365,0.12495109438896179,0.002116288524121046,0.017964934930205345,4,False,0.5972426533699036,3.8000000000000003
side,4.38,0,0.3300059139728546,-5.9735002517700195,-3.9833054542541504,0.12495190650224686,0.0021243966184556484,0.018071267753839493,4,False,0.597241997718811,3.8200000000000003
side,4.4,0,0.3300060033798218,-5.9735283851623535,-3.983367919921875,0.12495290488004684,0.002129394793882966,0.018007075414061546,4,False,0.5972428917884827,3.84
side,4.42,0,0.330005943775177,-5.973412036895752,-3.9832918643951416,0.12495049834251404,0.0021148747764527798,0.017915792763233185,4,False,0.5972422957420349,3.86
side,4.44,0,0.3300059735774994,-5.973463535308838,-3.9833357334136963,0.12495166063308716,0.002132854424417019,0.01811203360557556,4,False,0.5972422361373901,3.88
side,4.46,0,0.3300060033798218,-5.973429203033447,-3.983351707458496,0.1249513253569603,0.0021173881832510233,0.0179159976541996,4,False,0.5972429513931274,3.9
side,4.48,0,0.33000585436820984,-5.9734416007995605,-3.9833168983459473,0.12495116889476776,0.0021339210215955973,0.018125588074326515,4,False,0.5972416996955872,3.92
side,4.5,0,0.33000603318214417,-5.973421573638916,-3.9833712577819824,0.12495139241218567,0.0021255745086818933,0.017937809228897095,4,False,0.5972433090209961,3.94
side,4.5200000000000005,0,0.3300059139728546,-5.973445892333984,-3.9833030700683594,0.12495110183954239,0.0021195749286562204,0.017995357513427734,4,False,0.5972418785095215,3.96
side,4.54,0,0.330005943775177,-5.973433494567871,-3.983370780944824,0.12495157867670059,0.0021296762861311436,0.018010061234235764,4,False,0.5972422957420349,3.98
side,4.5600000000000005,0,0.3300060033798218,-5.973480224609375,-3.983306884765625,0.12495163083076477,0.002119974000379443,0.01796259731054306,4,False,0.5972428917884827,4.0
side,4.58,0,0.3300060033798218,-5.973511219024658,-3.9833273887634277,0.1249522864818573,0.002128352876752615,0.018066754564642906,4,False,0.597241997718811,4.0200000000000005
side,4.6000000000000005,0,0.33000603318214417,-5.973552703857422,-3.9833621978759766,0.12495321035385132,0.002118609147146344,0.017980726435780525,4,False,0.5972424745559692,4.04
side,4.62,0,0.3300059139728546,-5.973536491394043,-3.983332872390747,0.12495268881320953,0.002124656457453966,0.0180014967918396,4,False,0.597241997718811,4.0600000000000005
side,4.64,0,0.3300059735774994,-5.973533630371094,-3.9833555221557617,0.12495286762714386,0.0021255030296742916,0.017976196482777596,4,False,0.5972428321838379,4.08
side,4.66,0,0.330005943775177,-5.973479270935059,-3.9833528995513916,0.1249520555138588,0.0021248289849609137,0.017995933070778847,4,False,0.5972422361373901,4.1
side,4.68,0,0.3300059735774994,-5.973480224609375,-3.9833757877349854,0.1249522939324379,0.0021209714468568563,0.017963595688343048,4,False,0.5972427725791931,4.12
side,4.7,0,0.3300058841705322,-5.973496913909912,-3.9833617210388184,0.12495239078998566,0.002128004329279065,0.018035737797617912,4,False,0.597241997718811,4.14
side,4.72,0,0.33000603318214417,-5.9734392166137695,-3.983377456665039,0.12495170533657074,0.00212810724042356,0.01796218752861023,4,False,0.5972426533699036,4.16
side,4.74,0,0.3300059139728546,-5.973456859588623,-3.983335494995117,0.12495157122612,0.002118466654792428,0.017987435683608055,4,False,0.5972416400909424,4.18
side,4.76,0,0.3300060033798218,-5.973504066467285,-3.9833931922912598,0.12495279312133789,0.00213236385025084,0.018069114536046982,4,False,0.5972421765327454,4.2
side,4.78,0,0.330005943775177,-5.973532676696777,-3.983341932296753,0.12495272606611252,0.002116004703566432,0.017932480201125145,4,False,0.5972424745559692,4.22
side,4.8,0,0.330005943775177,-5.973543643951416,-3.9833717346191406,0.12495316565036774,0.0021313417237251997,0.01806878298521042,4,False,0.5972418189048767,4.24
side,4.82,0,0.3300059735774994,-5.973471164703369,-3.9833884239196777,0.1249522864818573,0.002119167009368539,0.017918650060892105,4,False,0.5972426533699036,4.26
side,4.84,0,0.3300059139728546,-5.973484516143799,-3.9833247661590576,0.12495186924934387,0.002129350323230028,0.018064813688397408,4,False,0.5972416996955872,4.28
side,4.86,0,0.3300060033798218,-5.973519325256348,-3.9833858013153076,0.12495294958353043,0.0021272017620503902,0.01800267957150936,4,False,0.5972424149513245,4.3
side,4.88,0,0.330005943775177,-5.973439693450928,-3.983339786529541,0.12495136260986328,0.002120279474183917,0.017951151356101036,4,False,0.5972422361373901,4.32
side,4.9,0,0.3300059139728546,-5.973481178283691,-3.9833550453186035,0.12495210766792297,0.002127651125192642,0.018070241436362267,4,False,0.5972422361373901,4.34
side,4.92,0,0.3300059735774994,-5.973473072052002,-3.9833903312683105,0.12495233118534088,0.0021252031438052654,0.017984166741371155,4,False,0.5972422957420349,4.36
side,4.94,0,0.33000585436820984,-5.973441123962402,-3.9833199977874756,0.12495119124650955,0.0021155120339244604,0.017944449558854103,4,False,0.5972424149513245,4.38
side,4.96,0,0.330005943775177,-5.9734787940979,-3.9833757877349854,0.1249522715806961,0.002134372014552355,0.01806456968188286,4,False,0.5972427725791931,4.4
side,4.98,0,0.3300059139728546,-5.973501682281494,-3.983346939086914,0.12495232373476028,0.002120781224220991,0.017951995134353638,4,False,0.5972422361373901,4.42
side,5.0,0,0.330005943775177,-5.973521709442139,-3.9833598136901855,0.12495273351669312,0.002127966145053506,0.01803438365459442,4,False,0.5972421169281006,4.44
side,5.0200000000000005,0,0.330005943775177,-5.973519802093506,-3.9833455085754395,0.12495256960391998,0.002122106496244669,0.017973007634282112,4,False,0.5972422957420349,4.46
side,5.04,0,0.3300058841705322,-5.973483085632324,-3.983353614807129,0.12495212256908417,0.0021261763758957386,0.01802249625325203,4,False,0.5972422957420349,4.48
side,5.0600000000000005,0,0.330005943775177,-5.97353458404541,-3.983361005783081,0.12495293468236923,0.0021262040827423334,0.017996950075030327,4,False,0.5972426533699036,4.5
side,5.08,0,0.33000585436820984,-5.973513126373291,-3.983344316482544,0.12495246529579163,0.002122546313330531,0.017987558618187904,4,False,0.5972421765327454,4.5200000000000005
side,5.1000000000000005,0,0.330005943775177,-5.973466873168945,-3.9833686351776123,0.124952033162117,0.0021218848414719105,0.017970936372876167,4,False,0.5972428321838379,4.54
side,5.12,0,0.33000585436820984,-5.973449230194092,-3.983353614807129,0.12495163083076477,0.0021285100374370813,0.018018972128629684,4,False,0.5972416996955872,4.5600000000000005
side,5.14,0,0.3300059735774994,-5.973491191864014,-3.9833765029907227,0.12495245784521103,0.0021262920927256346,0.017993025481700897,4,False,0.5972427129745483,4.58
side,5.16,0,0.3300058841705322,-5.973557949066162,-3.983337640762329,0.12495304644107819,0.0021215141750872135,0.018004892393946648,4,False,0.5972422361373901,4.6000000000000005
side,5.18,0,0.330005943775177,-5.973461627960205,-3.9833946228027344,0.12495220452547073,0.0021249253768473864,0.01797346957027912,4,False,0.5972423553466797,4.62
side,5.2,0,0.33000585436820984,-5.973514556884766,-3.9833528995513916,0.12495256960391998,0.002117480617016554,0.01800093986093998,4,False,0.5972422957420349,4.64
side,5.22,0,0.3300059139728546,-5.973509788513184,-3.9833743572235107,0.12495269626379013,0.0021259032655507326,0.018009813502430916,4,False,0.5972421765327454,4.66
side,5.24,0,0.33000579476356506,-5.9734954833984375,-3.9833755493164062,0.12495250254869461,0.0021173511631786823,0.017993442714214325,4,False,0.5972421169281006,4.68
side,5.26,0,0.33000582456588745,-5.973515510559082,-3.983386993408203,0.12495290488004684,0.002123796846717596,0.01800663396716118,4,False,0.5972424745559692,4.7
side,5.28,0,0.3300057649612427,-5.973536968231201,-3.9834017753601074,0.12495334446430206,0.0021241020876914263,0.01799284853041172,4,False,0.5972424149513245,4.72
side,5.3,0,0.33000579476356506,-5.973464012145996,-3.9833734035491943,0.124952033162117,0.0021229442209005356,0.017950337380170822,4,False,0.5972426533699036,4.74
side,5.32,0,0.3300057053565979,-5.973484516143799,-3.9833765029907227,0.12495236098766327,0.0021212894935160875,0.01800353080034256,4,False,0.5972429513931274,4.76
side,5.34,0,0.3300056755542755,-5.9734930992126465,-3.9834184646606445,0.12495288997888565,0.002128283027559519,0.018021343275904655,4,False,0.5972424745559692,4.78
side,5.36,0,0.33000579476356506,-5.973539352416992,-3.9833736419677734,0.12495312094688416,0.002120795426890254,0.0179612934589386,4,False,0.5972427129745483,4.8
side,5.38,0,0.3300057351589203,-5.973541736602783,-3.983372449874878,0.12495314329862595,0.002126720268279314,0.01804550364613533,4,False,0.5972421169281006,4.82
side,5.4,0,0.33000582456588745,-5.973562240600586,-3.983395576477051,0.12495366483926773,0.002125221537426114,0.017966683954000473,4,False,0.5972428321838379,4.84
side,5.42,0,0.33000579476356506,-5.973423480987549,-3.983334541320801,0.1249510794878006,0.0021237784530967474,0.01794869638979435,4,False,0.5972422957420349,4.86
side,5.44,0,0.3300059139728546,-5.973479747772217,-3.9833757877349854,0.1249522939324379,0.0021237863693386316,0.018060188740491867,4,False,0.5972428321838379,4.88
side,5.46,0,0.33000582456588745,-5.973546981811523,-3.9833452701568604,0.12495297193527222,0.0021180131006985903,0.017987435683608055,4,False,0.5972423553466797,4.9
side,5.48,0,0.3300059139728546,-5.973526477813721,-3.98339581489563,0.12495314329862595,0.002129066502675414,0.017986152321100235,4,False,0.5972422957420349,4.92
side,5.5,0,0.330005943775177,-5.973466873168945,-3.983320951461792,0.12495158612728119,0.0021203660871833563,0.017939768731594086,4,False,0.5972421765327454,4.94
side,5.5200000000000005,0,0.3300060033798218,-5.973472595214844,-3.9833967685699463,0.12495237588882446,0.0021263426169753075,0.018038645386695862,4,False,0.5972424745559692,4.96
side,5.54,0,0.330005943775177,-5.97349739074707,-3.98331618309021,0.12495196610689163,0.002121384022757411,0.01796339452266693,4,False,0.5972421765327454,4.98
side,5.5600000000000005,0,0.3300060033798218,-5.973449230194092,-3.983393430709839,0.12495201081037521,0.0021269218996167183,0.017998047173023224,4,False,0.5972425937652588,5.0
side,5.58,0,0.3300058841705322,-5.973505973815918,-3.9833483695983887,0.12495239078998566,0.0021183802746236324,0.017982719466090202,4,False,0.5972421765327454,5.0200000000000005
side,5.6000000000000005,0,0.3300058841705322,-5.973545551300049,-3.983365297317505,0.12495312839746475,0.0021277056075632572,0.01803099736571312,4,False,0.5972421169281006,5.04
side,5.62,0,0.3300059139728546,-5.973494529724121,-3.983358860015869,0.12495232373476028,0.002118877600878477,0.01794823631644249,4,False,0.5972426533699036,5.0600000000000005
side,5.64,0,0.33000579476356506,-5.973539352416992,-3.9833452701568604,0.12495285272598267,0.0021221067290753126,0.01803581230342388,4,False,0.5972421765327454,5.08
side,5.66,0,0.3300058841705322,-5.973556995391846,-3.9833943843841553,0.12495356798171997,0.002125311642885208,0.017993491142988205,4,False,0.5972423553466797,5.1000000000000005
side,5.68,0,0.33000579476356506,-5.973470211029053,-3.9833219051361084,0.12495163083076477,0.00212075118906796,0.017948251217603683,4,False,0.5972420573234558,5.12
side,5.7,0,0.330005943775177,-5.973492622375488,-3.9833998680114746,0.12495269626379013,0.0021349326707422733,0.018074963241815567,4,False,0.5972423553466797,5.14
side,5.72,0,0.3300058841705322,-5.973489761352539,-3.983356475830078,0.12495223432779312,0.002115130890160799,0.01792096346616745,4,False,0.5972426533699036,5.16
side,5.74,0,0.33000582456588745,-5.973513126373291,-3.9833767414093018,0.1249527782201767,0.002130691194906831,0.018062107264995575,4,False,0.5972421765327454,5.18
side,5.76,0,0.3300059735774994,-5.973494529724121,-3.983386754989624,0.12495259195566177,0.002124658552929759,0.017946381121873856,4,False,0.5972426533699036,5.2
side,5.78,0,0.33000582456588745,-5.97346830368042,-3.9833621978759766,0.12495199590921402,0.002121654571965337,0.018032662570476532,4,False,0.5972421169281006,5.22
side,5.8,0,0.330005943775177,-5.9735212326049805,-3.983405113220215,0.12495315074920654,0.0021268087439239025,0.018018055707216263,4,False,0.5972424745559692,5.24
side,5.82,0,0.3300058841705322,-5.97352409362793,-3.9833455085754395,0.12495263665914536,0.002120079705491662,0.017955558374524117,4,False,0.5972421169281006,5.26
side,5.84,0,0.3300059139728546,-5.973487854003906,-3.9834063053131104,0.12495268881320953,0.0021286089904606342,0.018029769882559776,4,False,0.5972422361373901,5.28
side,5.86,0,0.3300059139728546,-5.973519802093506,-3.9833621978759766,0.12495274096727371,0.0021171763073652983,0.01794103905558586,4,False,0.5972425937652588,5.3
side,5.88,0,0.3300058841705322,-5.973541736602783,-3.983403205871582,0.12495344132184982,0.0021320576779544353,0.018054481595754623,4,False,0.597241997718811,5.32
side,5.9,0,0.3300060033798218,-5.973523139953613,-3.983396530151367,0.12495309859514236,0.002119399607181549,0.01791556552052498,4,False,0.5972426533699036,5.34
side,5.92,0,0.3300058841705322,-5.973515510559082,-3.9833691120147705,0.12495273351669312,0.0021283028181642294,0.018062859773635864,4,False,0.5972417593002319,5.36
side,5.94,0,0.3300059735774994,-5.973521709442139,-3.983386993408203,0.1249530017375946,0.0021260869689285755,0.01796545647084713,4,False,0.5972422957420349,5.38
side,5.96,0,0.3300059139728546,-5.973509788513184,-3.9833662509918213,0.12495262175798416,0.00212367856875062,0.018016239628195763,4,False,0.5972418785095215,5.4
side,5.98,0,0.3300059735774994,-5.973499298095703,-3.9834113121032715,0.12495290488004684,0.0021258918568491936,0.01798989251255989,4,False,0.5972422361373901,5.42
side,6.0,0,0.33000582456588745,-5.973527908325195,-3.9833555221557617,0.1249527856707573,0.002121275756508112,0.0179888978600502,4,False,0.5972415208816528,5.44
side,6.0200000000000005,0,0.3300059735774994,-5.973511219024658,-3.983423948287964,0.12495319545269012,0.0021336840000003576,0.01800786331295967,4,False,0.5972422957420349,5.46
side,6.04,0,0.3300059139728546,-5.973484039306641,-3.9833550453186035,0.12495214492082596,0.002115342766046524,0.017938634380698204,4,False,0.5972421169281006,5.48
side,6.0600000000000005,0,0.3300059139728546,-5.9735107421875,-3.983389139175415,0.12495286017656326,0.0021349883172661066,0.018096281215548515,4,False,0.5972418785095215,5.5
side,6.08,0,0.3300060033798218,-5.973540306091309,-3.983391284942627,0.12495330721139908,0.0021245344541966915,0.017968222498893738,4,False,0.5972424149513245,5.5200000000000005
side,6.1000000000000005,0,0.3300059139728546,-5.973513126373291,-3.9833621978759766,0.12495264410972595,0.0021238059271126986,0.018005579710006714,4,False,0.597241997718811,5.54
side,6.12,0,0.33000603318214417,-5.973514556884766,-3.9833900928497314,0.12495292723178864,0.002125256462022662,0.01797543093562126,4,False,0.5972421765327454,5.5600000000000005
side,6.140000000000001,0,0.3300059735774994,-5.973491191864014,-3.983365774154663,0.12495234608650208,0.002123624086380005,0.017998116090893745,4,False,0.597241997718811,5.58
side,6.16,0,0.3300059735774994,-5.9735212326049805,-3.983380079269409,0.12495291978120804,0.0021277477499097586,0.018009144812822342,4,False,0.5972421169281006,5.6000000000000005
side,6.18,0,0.3300059139728546,-5.973550796508789,-3.9833321571350098,0.12495288997888565,0.002120089950039983,0.017958438023924828,4,False,0.5972422957420349,5.62
side,6.2,0,0.33000603318214417,-5.973536491394043,-3.9833619594573975,0.12495297193527222,0.002124649239704013,0.018004532903432846,4,False,0.5972422957420349,5.64
side,6.22,0,0.3300060033798218,-5.973561763763428,-3.9833197593688965,0.12495291978120804,0.002119594020769,0.017960380762815475,4,False,0.597241997718811,5.66
side,6.24,0,0.33000603318214417,-5.973526954650879,-3.9833736419677734,0.12495294958353043,0.0021261959336698055,0.017997514456510544,4,False,0.5972423553466797,5.68
side,6.26,0,0.3300059735774994,-5.973593235015869,-3.98333477973938,0.12495353817939758,0.0021229544654488564,0.01799621433019638,4,False,0.5972418785095215,5.7
side,6.28,0,0.3300060033798218,-5.9735188484191895,-3.983393430709839,0.1249530091881752,0.0021250410936772823,0.01798260025680065,4,False,0.5972423553466797,5.72
side,6.3,0,0.3300058841705322,-5.973526954650879,-3.983330726623535,0.1249525398015976,0.002121850848197937,0.01798088476061821,4,False,0.5972415804862976,5.74
side,6.32,0,0.33000603318214417,-5.973446846008301,-3.983410596847534,0.12495214492082596,0.002128544030711055,0.017997583374381065,4,False,0.5972427725791931,5.76
side,6.34,0,0.33000585436820984,-5.973407745361328,-3.9833106994628906,0.12495061755180359,0.0021061256993561983,0.017941322177648544,4,False,0.5972419381141663,5.78
side,6.36,0,0.3300058841705322,-5.9734883308410645,-3.9833691120147705,0.12495233863592148,0.002137499861419201,0.018142057582736015,4,False,0.5972422957420349,5.8
side,6.38,0,0.3300059735774994,-5.9734578132629395,-3.9833896160125732,0.12495210021734238,0.0021203667856752872,0.0178921390324831,4,False,0.5972429513931274,5.82
side,6.4,0,0.3300058841705322,-5.973399639129639,-3.983342170715332,0.12495081126689911,0.0021239048801362514,0.018009493127465248,4,False,0.597241997718811,5.84
side,6.42,0,0.33000603318214417,-5.973461151123047,-3.9833896160125732,0.12495213747024536,0.0021296606864780188,0.018037904053926468,4,False,0.5972425937652588,5.86
side,6.44,0,0.3300059735774994,-5.973479747772217,-3.983306884765625,0.12495162338018417,0.0021186319645494223,0.017969582229852676,4,False,0.5972421765327454,5.88
side,6.46,0,0.33000606298446655,-5.973483562469482,-3.9833829402923584,0.12495240569114685,0.002131037414073944,0.018022244796156883,4,False,0.5972427129745483,5.9
side,6.48,0,0.33000606298446655,-5.9734954833984375,-3.9833197593688965,0.12495196610689163,0.0021214373409748077,0.01797657459974289,4,False,0.597241997718811,5.92
side,6.5,0,0.33000609278678894,-5.97353458404541,-3.9833555221557617,0.12495288252830505,0.002133430214598775,0.018076814711093903,4,False,0.5972418785095215,5.94
side,6.5200000000000005,0,0.33000606298446655,-5.973526954650879,-3.9833407402038574,0.12495262920856476,0.00212037842720747,0.01792822778224945,4,False,0.5972422957420349,5.96
side,6.54,0,0.330005943775177,-5.973489761352539,-3.9833431243896484,0.12495210766792297,0.002124505816027522,0.018007975071668625,4,False,0.597241997718811,5.98
side,6.5600000000000005,0,0.3300059735774994,-5.97348690032959,-3.9833567142486572,0.12495220452547073,0.0021301351953297853,0.017996912822127342,4,False,0.5972422361373901,6.0
side,6.58,0,0.330005943775177,-5.973448276519775,-3.983316659927368,0.12495126575231552,0.002119826851412654,0.017957229167222977,4,False,0.5972422361373901,6.0200000000000005
side,6.6000000000000005,0,0.3300060033798218,-5.973489761352539,-3.9833528995513916,0.12495220452547073,0.002131378510966897,0.018048511818051338,4,False,0.5972423553466797,6.04
side,6.62,0,0.3300060033798218,-5.973502159118652,-3.9833524227142334,0.12495237588882446,0.002120338613167405,0.017965780571103096,4,False,0.5972425937652588,6.0600000000000005
side,6.640000000000001,0,0.3300060033798218,-5.973557949066162,-3.9833264350891113,0.12495294213294983,0.0021245332900434732,0.018027404323220253,4,False,0.5972422361373901,6.08
side,6.66,0,0.3300060033798218,-5.973532199859619,-3.9833431243896484,0.12495272606611252,0.002122984966263175,0.01796630024909973,4,False,0.5972424149513245,6.1000000000000005
side,6.68,0,0.3300059735774994,-5.973541736602783,-3.9833133220672607,0.12495256960391998,0.002123097889125347,0.018005648627877235,4,False,0.5972413420677185,6.12
side,6.7,0,0.33000612258911133,-5.973504543304443,-3.9833595752716064,0.12495248019695282,0.0021255624014884233,0.017969269305467606,4,False,0.5972426533699036,6.140000000000001
side,6.72,0,0.33000606298446655,-5.973461627960205,-3.983323097229004,0.12495151907205582,0.0021206040401011705,0.018020249903202057,4,False,0.597241997718811,6.16
side,6.74,0,0.3300059735774994,-5.973521709442139,-3.9833335876464844,0.12495248764753342,0.0021274967584758997,0.018031470477581024,4,False,0.5972421765327454,6.18
side,6.76,0,0.3300060033798218,-5.9734930992126465,-3.983381986618042,0.1249525398015976,0.0021246650721877813,0.017979031428694725,4,False,0.5972422957420349,6.2
side,6.78,0,0.330005943775177,-5.973464488983154,-3.983311414718628,0.12495145201683044,0.002116755349561572,0.017958825454115868,4,False,0.5972423553466797,6.22
side,6.8,0,0.330005943775177,-5.9734954833984375,-3.9833695888519287,0.12495245039463043,0.0021301398519426584,0.01806534081697464,4,False,0.5972425937652588,6.24
side,6.82,0,0.3300060033798218,-5.973462104797363,-3.9833285808563232,0.12495158612728119,0.0021207404788583517,0.017936142161488533,4,False,0.5972422957420349,6.26
side,6.84,0,0.3300059735774994,-5.973454475402832,-3.983311891555786,0.1249513030052185,0.002123484620824456,0.018046434968709946,4,False,0.5972421169281006,6.28
side,6.86,0,0.33000606298446655,-5.973485469818115,-3.9833695888519287,0.12495230883359909,0.002127918880432844,0.01802479475736618,4,False,0.5972422957420349,6.3
side,6.88,0,0.33000603318214417,-5.973466873168945,-3.9833033084869385,0.12495140731334686,0.0021181197371333838,0.017968256026506424,4,False,0.597241997718811,6.32
side,6.9,0,0.33000606298446655,-5.973490238189697,-3.9833545684814453,0.12495222687721252,0.0021308977156877518,0.018065359443426132,4,False,0.597241997718811,6.34
side,6.92,0,0.3300060033798218,-5.97346830368042,-3.983299970626831,0.12495139241218567,0.0021154843270778656,0.017923634499311447,4,False,0.5972422361373901,6.36
side,6.94,0,0.3300060033798218,-5.973477363586426,-3.9833474159240723,0.12495198100805283,0.0021282918751239777,0.018036607652902603,4,False,0.5972424149513245,6.38
side,6.96,0,0.33000609278678894,-5.973471164703369,-3.983320713043213,0.12495163083076477,0.002119723241776228,0.017950043082237244,4,False,0.5972425937652588,6.4
side,6.98,0,0.3300059735774994,-5.973440170288086,-3.983293294906616,0.12495093047618866,0.002128570806235075,0.018076615408062935,4,False,0.5972418189048767,6.42
side,7.0,0,0.3300061821937561,-5.973474979400635,-3.9833569526672363,0.1249520406126976,0.0021267805714160204,0.017988450825214386,4,False,0.5972429513931274,6.44
side,7.0200000000000005,0,0.3300060033798218,-5.973374843597412,-3.9832441806793213,0.12494952231645584,0.0021212331485003233,0.017977021634578705,4,False,0.5972412824630737,6.46
side,7.04,0,0.3300061821937561,-5.973445892333984,-3.9833285808563232,0.12495134770870209,0.0021336241625249386,0.018078448250889778,4,False,0.5972429513931274,6.48
side,7.0600000000000005,0,0.33000603318214417,-5.973412036895752,-3.9832472801208496,0.12495007365942001,0.002111737849190831,0.017913008108735085,4,False,0.5972418785095215,6.5
side,7.08,0,0.33000612258911133,-5.973428726196289,-3.9833180904388428,0.12495099753141403,0.002134708222001791,0.018090112134814262,4,False,0.5972423553466797,6.5200000000000005
side,7.1000000000000005,0,0.3300061523914337,-5.973423480987549,-3.9832956790924072,0.12495069950819016,0.002117256401106715,0.01791306398808956,4,False,0.5972425937652588,6.54
side,7.12,0,0.33000603318214417,-5.973433017730713,-3.983278751373291,0.12495067715644836,0.002132754074409604,0.018118970096111298,4,False,0.5972414016723633,6.5600000000000005
side,7.140000000000001,0,0.3300062417984009,-5.973414421081543,-3.9833199977874756,0.12495080381631851,0.0021241120994091034,0.01795089803636074,4,False,0.5972426533699036,6.58
side,7.16,0,0.33000609278678894,-5.9733662605285645,-3.983271360397339,0.12494965642690659,0.0021228394471108913,0.018029427155852318,4,False,0.5972417593002319,6.6000000000000005
side,7.18,0,0.3300061523914337,-5.973415851593018,-3.9833133220672607,0.12495075911283493,0.002121142577379942,0.01801532506942749,4,False,0.5972422957420349,6.62
side,7.2,0,0.33000606298446655,-5.973428726196289,-3.9832522869110107,0.12495037168264389,0.0021173625718802214,0.017958370968699455,4,False,0.597241997718811,6.640000000000001
side,7.22,0,0.3300061523914337,-5.973448276519775,-3.9833312034606934,0.12495139986276627,0.0021312024910002947,0.018108632415533066,4,False,0.5972420573234558,6.66
side,7.24,0,0.33000609278678894,-5.973464012145996,-3.9832818508148193,0.12495116144418716,0.0021147229708731174,0.017900999635457993,4,False,0.5972424745559692,6.68
side,7.26,0,0.33000603318214417,-5.973402500152588,-3.9832966327667236,0.12495041638612747,0.002128753811120987,0.01808052323758602,4,False,0.597241997718811,6.7
side,7.28,0,0.33000609278678894,-5.973479270935059,-3.983311414718628,0.12495165318250656,0.002127842279151082,0.01799486018717289,4,False,0.5972424149513245,6.72
side,7.3,0,0.33000612258911133,-5.973461627960205,-3.9832956790924072,0.12495125085115433,0.002118311356753111,0.01796332560479641,4,False,0.5972422957420349,6.74
side,7.32,0,0.33000603318214417,-5.973506450653076,-3.9832887649536133,0.12495183944702148,0.002122025704011321,0.018044717609882355,4,False,0.5972416996955872,6.76
side,7.34,0,0.3300061523914337,-5.973463535308838,-3.983342170715332,0.12495172768831253,0.0021289363503456116,0.017970774322748184,4,False,0.5972421765327454,6.78
side,7.36,0,0.3300061821937561,-5.973374843597412,-3.983290195465088,0.12494994699954987,0.002115727635100484,0.017956877127289772,4,False,0.5972424149513245,6.8
side,7.38,0,0.3300061523914337,-5.973445415496826,-3.9833178520202637,0.12495122849941254,0.002128137741237879,0.018107444047927856,4,False,0.5972421169281006,6.82
side,7.4,0,0.33000603318214417,-5.973480224609375,-3.983337879180908,0.12495192885398865,0.002120767952874303,0.017985083162784576,4,False,0.5972418189048767,6.84
side,7.42,0,0.33000606298446655,-5.973465442657471,-3.983320951461792,0.1249515563249588,0.0021291847806423903,0.018029173836112022,4,False,0.5972417593002319,6.86
side,7.44,0,0.33000606298446655,-5.973446369171143,-3.983332872390747,0.12495139241218567,0.0021208429243415594,0.017970334738492966,4,False,0.5972422957420349,6.88
side,7.46,0,0.33000606298446655,-5.973506927490234,-3.983314037322998,0.12495208531618118,0.002119785640388727,0.018048716709017754,4,False,0.5972418785095215,6.9
side,7.48,0,0.33000603318214417,-5.9734625816345215,-3.983389139175415,0.12495216727256775,0.002125206170603633,0.01798575557768345,4,False,0.5972422957420349,6.92
side,7.5,0,0.3300060033798218,-5.9734368324279785,-3.9833176136016846,0.12495110929012299,0.0021192142739892006,0.017948083579540253,4,False,0.5972422361373901,6.94
side,7.5200000000000005,0,0.3300059735774994,-5.973401069641113,-3.983367443084717,0.1249510645866394,0.0021215544547885656,0.0180350374430418,4,False,0.5972427129745483,6.96
side,7.54,0,0.3300058841705322,-5.9734954833984375,-3.9833269119262695,0.1249520406126976,0.0021224129013717175,0.018028579652309418,4,False,0.5972421169281006,6.98
side,7.5600000000000005,0,0.330005943775177,-5.973520278930664,-3.9833850860595703,0.12495295703411102,0.0021281130611896515,0.018021250143647194,4,False,0.5972426533699036,7.0
side,7.58,0,0.330005943775177,-5.973503589630127,-3.9833176136016846,0.12495206296443939,0.0021194082219153643,0.017947988584637642,4,False,0.5972422361373901,7.0200000000000005
side,7.6000000000000005,0,0.3300059735774994,-5.973521709442139,-3.9833765029907227,0.12495289742946625,0.002130900276824832,0.01807865872979164,4,False,0.5972423553466797,7.04
side,7.62,0,0.3300059139728546,-5.973491191864014,-3.983363151550293,0.12495232373476028,0.0021179046016186476,0.017914555966854095,4,False,0.5972424149513245,7.0600000000000005
side,7.640000000000001,0,0.3300059735774994,-5.973449230194092,-3.9833943843841553,0.12495201826095581,0.0021301722154021263,0.018058959394693375,4,False,0.5972421765327454,7.08
side,7.66,0,0.33000582456588745,-5.973428726196289,-3.9833407402038574,0.12495121359825134,0.002118024043738842,0.01794123463332653,4,False,0.5972416996955872,7.1000000000000005
side,7.68,0,0.3300059139728546,-5.9734578132629395,-3.983388900756836,0.12495209276676178,0.0021295067854225636,0.01804564893245697,4,False,0.5972424745559692,7.12
side,7.7,0,0.3300059139728546,-5.973496437072754,-3.983344316482544,0.12495221197605133,0.002118366304785013,0.017956567928195,4,False,0.5972427725791931,7.140000000000001
side,7.72,0,0.3300058841705322,-5.973508358001709,-3.9833807945251465,0.12495274096727371,0.002125177998095751,0.018040060997009277,4,False,0.5972421169281006,7.16
side,7.74,0,0.3300058841705322,-5.973546504974365,-3.9833734035491943,0.12495322525501251,0.0021233633160591125,0.017977511510252953,4,False,0.5972422361373901,7.18
side,7.76,0,0.3300058841705322,-5.9735260009765625,-3.9834017753601074,0.12495318800210953,0.002120682969689369,0.017999708652496338,4,False,0.5972427129745483,7.2
side,7.78,0,0.3300057649612427,-5.97356653213501,-3.9833450317382812,0.1249532401561737,0.0021202967036515474,0.017976121976971626,4,False,0.597241997718811,7.22
side,7.8,0,0.3300058841705322,-5.973545551300049,-3.9834353923797607,0.12495380640029907,0.0021316087804734707,0.01802886091172695,4,False,0.5972424745559692,7.24
side,7.82,0,0.33000582456588745,-5.973481178283691,-3.983337879180908,0.12495194375514984,0.0021142379846423864,0.017907630652189255,4,False,0.5972421765327454,7.26
side,7.84,0,0.33000585436820984,-5.973541736602783,-3.9833903312683105,0.12495331466197968,0.002134857466444373,0.018127748742699623,4,False,0.5972423553466797,7.28
side,7.86,0,0.33000585436820984,-5.973423957824707,-3.9834132194519043,0.12495183199644089,0.0021184764336794615,0.017912153154611588,4,False,0.5972424745559692,7.3
side,7.88,0,0.33000582456588745,-5.9734697341918945,-3.983384370803833,0.12495221942663193,0.0021221288479864597,0.018013227730989456,4,False,0.5972424745559692,7.32
side,7.9,0,0.3300058841705322,-5.973453521728516,-3.9833922386169434,0.12495206296443939,0.0021218236070126295,0.017973344773054123,4,False,0.5972427725791931,7.34
side,7.92,0,0.3300057649612427,-5.973465442657471,-3.9833486080169678,0.1249518096446991,0.0021261991932988167,0.018046589568257332,4,False,0.597241997718811,7.36
side,7.94,0,0.3300058841705322,-5.973517417907715,-3.9834024906158447,0.12495307624340057,0.0021266767289489508,0.018015842884778976,4,False,0.5972430109977722,7.38
side,7.96,0,0.3300058841705322,-5.973486423492432,-3.9833388328552246,0.12495202571153641,0.002116708317771554,0.01794975809752941,4,False,0.5972421169281006,7.4
side,7.98,0,0.3300059735774994,-5.973527908325195,-3.9833788871765137,0.1249530091881752,0.0021289882715791464,0.01805141195654869,4,False,0.5972425937652588,7.42
side,8.0,0,0.33000585436820984,-5.973507881164551,-3.9833579063415527,0.1249525249004364,0.002121957251802087,0.017983730882406235,4,False,0.5972418785095215,7.44
side,8.02,0,0.3300059139728546,-5.973513603210449,-3.983381986618042,0.12495283037424088,0.002126189647242427,0.01798808015882969,4,False,0.5972425937652588,7.46
side,8.040000000000001,0,0.3300058841705322,-5.973426818847656,-3.9833147525787354,0.12495093792676926,0.0021169695537537336,0.017949126660823822,4,False,0.5972421765327454,7.48
side,8.06,0,0.3300058841705322,-5.973483085632324,-3.9833643436431885,0.12495221942663193,0.002132666762918234,0.018093546852469444,4,False,0.5972425937652588,7.5
side,8.08,0,0.3300059139728546,-5.973458766937256,-3.983361005783081,0.12495183944702148,0.0021176044829189777,0.017913609743118286,4,False,0.597242534160614,7.5200000000000005
side,8.1,0,0.33000582456588745,-5.973430633544922,-3.9833102226257324,0.12495094537734985,0.002127684187144041,0.018062612041831017,4,False,0.597241997718811,7.54
side,8.120000000000001,0,0.330005943775177,-5.973472595214844,-3.983381986618042,0.12495224177837372,0.002130110515281558,0.01801011711359024,4,False,0.5972428917884827,7.5600000000000005
side,8.14,0,0.3300058841705322,-5.973472595214844,-3.9833085536956787,0.12495154142379761,0.0021184224169701338,0.017940400168299675,4,False,0.5972425937652588,7.58
side,8.16,0,0.33000585436820984,-5.973474502563477,-3.9833550453186035,0.12495201826095581,0.0021281326189637184,0.018027806654572487,4,False,0.5972424149513245,7.6000000000000005
side,8.18,0,0.330005943775177,-5.973508358001709,-3.9833168983459473,0.12495213747024536,0.0021209632977843285,0.017976410686969757,4,False,0.5972422957420349,7.62
side,8.2,0,0.33000585436820984,-5.973535060882568,-3.9833528995513916,0.12495286017656326,0.002127172891050577,0.018055327236652374,4,False,0.5972421765327454,7.640000000000001
side,8.22,0,0.3300058841705322,-5.973454475402832,-3.983339786529541,0.12495157867670059,0.0021246233955025673,0.01794729195535183,4,False,0.5972427129745483,7.66
side,8.24,0,0.3300059139728546,-5.973496913909912,-3.9833312034606934,0.12495210021734238,0.002123170765116811,0.018020637333393097,4,False,0.5972426533699036,7.68
side,8.26,0,0.3300058841705322,-5.973506450653076,-3.983377695083618,0.12495268136262894,0.0021240967325866222,0.018018774688243866,4,False,0.5972422957420349,7.7
side,8.28,0,0.330005943775177,-5.9735283851623535,-3.983314037322998,0.12495239824056625,0.0021210145205259323,0.017936397343873978,4,False,0.5972424745559692,7.72
side,8.3,0,0.3300059735774994,-5.973442554473877,-3.9833717346191406,0.12495170533657074,0.0021244045346975327,0.018005410209298134,4,False,0.5972422361373901,7.74
side,8.32,0,0.3300060033798218,-5.973509788513184,-3.983337640762329,0.12495235353708267,0.0021186789963394403,0.01798071339726448,4,False,0.5972424149513245,7.76
side,8.34,0,0.3300060033798218,-5.973521709442139,-3.9833641052246094,0.1249527782201767,0.0021245116367936134,0.018024802207946777,4,False,0.5972421169281006,7.78
side,8.36,0,0.3300060033798218,-5.9735589027404785,-3.983323097229004,0.12495291978120804,0.0021220101043581963,0.01797005534172058,4,False,0.5972421169281006,7.8
side,8.38,0,0.3300060033798218,-5.973463535308838,-3.9833931922912598,0.12495220452547073,0.0021261610090732574,0.018016403540968895,4,False,0.5972425937652588,7.82
side,8.4,0,0.33000582456588745,-5.973506450653076,-3.9833576679229736,0.12495250254869461,0.0021138321608304977,0.017981579527258873,4,False,0.5972422361373901,7.84
side,8.42,0,0.33000582456588745,-5.9735307693481445,-3.98337459564209,0.1249530091881752,0.002125699771568179,0.018034804612398148,4,False,0.5972422361373901,7.86
side,8.44,0,0.33000582456588745,-5.97350549697876,-3.9833743572235107,0.12495262920856476,0.0021224231459200382,0.017958156764507294,4,False,0.5972422957420349,7.88
side,8.46,0,0.33000585436820984,-5.973464012145996,-3.983381986618042,0.12495210766792297,0.002120762597769499,0.01798965409398079,4,False,0.5972425937652588,7.9
side,8.48,0,0.33000579476356506,-5.9735283851623535,-3.9833691120147705,0.12495291978120804,0.002118902513757348,0.018009549006819725,4,False,0.5972426533699036,7.92
side,8.5,0,0.33000579476356506,-5.973551273345947,-3.983379602432251,0.12495335936546326,0.0021240548230707645,0.01800113543868065,4,False,0.597242534160614,7.94
side,8.52,0,0.33000579476356506,-5.973484039306641,-3.98335337638855,0.12495213747024536,0.0021202866919338703,0.017964713275432587,4,False,0.5972425937652588,7.96
side,8.540000000000001,0,0.3300057649612427,-5.973504543304443,-3.983372926712036,0.12495260685682297,0.0021273798774927855,0.018042774870991707,4,False,0.5972425937652588,7.98
side,8.56,0,0.3300057649612427,-5.973546028137207,-3.98337459564209,0.12495323270559311,0.002119006821885705,0.01798158511519432,4,False,0.5972424745559692,8.0
side,8.58,0,0.3300057649612427,-5.973544120788574,-3.9833946228027344,0.12495339661836624,0.0021283654496073723,0.018008360639214516,4,False,0.5972427129745483,8.02
side,8.6,0,0.3300057053565979,-5.973455429077148,-3.9833874702453613,0.1249520406126976,0.0021182899363338947,0.017942119389772415,4,False,0.5972425937652588,8.040000000000001
side,8.620000000000001,0,0.3300056755542755,-5.973526477813721,-3.983367443084717,0.12495287507772446,0.002131168032065034,0.01807962730526924,4,False,0.5972426533699036,8.06
side,8.64,0,0.3300057649612427,-5.973504543304443,-3.9834110736846924,0.12495297938585281,0.0021249293349683285,0.01795673742890358,4,False,0.5972432494163513,8.08
side,8.66,0,0.3300056755542755,-5.973421573638916,-3.9833242893218994,0.12495095282793045,0.0021166973747313023,0.01792331598699093,4,False,0.5972422361373901,8.1
side,8.68,0,0.33000582456588745,-5.973453044891357,-3.983400821685791,0.12495213001966476,0.0021303771063685417,0.018093742430210114,4,False,0.5972428917884827,8.120000000000001
side,8.700000000000001,0,0.3300057053565979,-5.973459243774414,-3.983353614807129,0.12495177239179611,0.0021159283351153135,0.01792224682867527,4,False,0.5972426533699036,8.14
side,8.72,0,0.33000579476356506,-5.973482131958008,-3.983384132385254,0.12495239824056625,0.002136453753337264,0.018086252734065056,4,False,0.5972427725791931,8.16
side,8.74,0,0.33000579476356506,-5.973430156707764,-3.983384132385254,0.12495163828134537,0.002118081320077181,0.01791061833500862,4,False,0.597243070602417,8.18
side,8.76,0,0.3300057649612427,-5.973462104797363,-3.9833617210388184,0.12495189905166626,0.002131181303411722,0.018084578216075897,4,False,0.5972423553466797,8.2
side,8.78,0,0.3300058841705322,-5.973482131958008,-3.9833853244781494,0.12495241314172745,0.002121484372764826,0.017948288470506668,4,False,0.5972430109977722,8.22
side,8.8,0,0.33000582456588745,-5.973453521728516,-3.983368396759033,0.12495183944702148,0.0021261190995573997,0.018014656379818916,4,False,0.5972424149513245,8.24
side,8.82,0,0.33000582456588745,-5.973401069641113,-3.983355760574341,0.12495096027851105,0.0021233370061963797,0.01795283704996109,4,False,0.5972427129745483,8.26
side,8.84,0,0.33000582456588745,-5.973468780517578,-3.9833455085754395,0.12495184689760208,0.0021257996559143066,0.018064109608530998,4,False,0.5972424149513245,8.28
side,8.86,0,0.33000585436820984,-5.9734625816345215,-3.9833617210388184,0.12495190650224686,0.002122576581314206,0.017959758639335632,4,False,0.5972426533699036,8.3
side,8.88,0,0.33000582456588745,-5.97349214553833,-3.9833576679229736,0.1249522864818573,0.0021224217489361763,0.018021225929260254,4,False,0.5972426533699036,8.32
side,8.9,0,0.33000579476356506,-5.973540306091309,-3.9833619594573975,0.12495303153991699,0.0021296979393810034,0.01803760603070259,4,False,0.5972424745559692,8.34
side,8.92,0,0.33000585436820984,-5.9733967781066895,-3.983367443084717,0.12495101243257523,0.0021220918279141188,0.01794196106493473,4,False,0.5972430109977722,8.36
side,8.94,0,0.3300057649612427,-5.973427772521973,-3.983323335647583,0.12495102733373642,0.002117272699251771,0.018020642921328545,4,False,0.5972425937652588,8.38
side,8.96,0,0.33000579476356506,-5.973468780517578,-3.9833836555480957,0.12495220452547073,0.002126075094565749,0.018044745549559593,4,False,0.5972427129745483,8.4
side,8.98,0,0.3300057053565979,-5.973453521728516,-3.9833221435546875,0.12495139986276627,0.0021200780756771564,0.01793271116912365,4,False,0.597242534160614,8.42
side,9.0,0,0.33000582456588745,-5.973428249359131,-3.983384370803833,0.12495161592960358,0.00213015079498291,0.01803881675004959,4,False,0.5972429513931274,8.44
side,9.02,0,0.33000585436820984,-5.973461151123047,-3.9833507537841797,0.12495177239179611,0.0021159593015909195,0.01795978471636772,4,False,0.5972427725791931,8.46
side,9.040000000000001,0,0.3300057649612427,-5.97349739074707,-3.983361005783081,0.12495239078998566,0.0021248499397188425,0.018045436590909958,4,False,0.5972423553466797,8.48
side,9.06,0,0.33000579476356506,-5.973448276519775,-3.983365774154663,0.12495172768831253,0.00212144386023283,0.017933590337634087,4,False,0.5972432494163513,8.5
side,9.08,0,0.3300057649612427,-5.973481178283691,-3.983342170715332,0.12495198845863342,0.002130845095962286,0.01806810311973095,4,False,0.5972425937652588,8.52
side,9.1,0,0.33000582456588745,-5.973459720611572,-3.9833595752716064,0.12495183944702148,0.002119466196745634,0.017933761700987816,4,False,0.597243070602417,8.540000000000001
side,9.120000000000001,0,0.3300057351589203,-5.973512649536133,-3.9833269119262695,0.1249522939324379,0.0021223006770014763,0.018012329936027527,4,False,0.5972425937652588,8.56
side,9.14,0,0.330005943775177,-5.973490238189697,-3.9834134578704834,0.12495280057191849,0.002129894681274891,0.018002767115831375,4,False,0.5972429513931274,8.58
side,9.16,0,0.33000585436820984,-5.973463535308838,-3.9832913875579834,0.12495124340057373,0.002116562332957983,0.017916595563292503,4,False,0.5972421169281006,8.6
side,9.18,0,0.3300059139728546,-5.9734787940979,-3.9833786487579346,0.1249523013830185,0.002131443237885833,0.01808812841773033,4,False,0.5972424745559692,8.620000000000001
side,9.200000000000001,0,0.3300059139728546,-5.973491191864014,-3.983332395553589,0.124952033162117,0.0021168855018913746,0.01792493835091591,4,False,0.5972426533699036,8.64
side,9.22,0,0.3300059139728546,-5.97348690032959,-3.9833357334136963,0.12495201081037521,0.0021274255122989416,0.018043098971247673,4,False,0.5972421765327454,8.66
side,9.24,0,0.3300060033798218,-5.973505973815918,-3.983386278152466,0.1249527558684349,0.002126207109540701,0.01798822171986103,4,False,0.5972427129745483,8.68
side,9.26,0,0.3300059735774994,-5.973448753356934,-3.98331356048584,0.12495124340057373,0.0021179241593927145,0.017944181337952614,4,False,0.5972422361373901,8.700000000000001
side,9.28,0,0.33000606298446655,-5.973499774932861,-3.9833357334136963,0.12495218962430954,0.0021301854867488146,0.018091026693582535,4,False,0.5972422361373901,8.72
side,9.3,0,0.33000603318214417,-5.973512649536133,-3.983330249786377,0.12495232373476028,0.0021190333645790815,0.01796606183052063,4,False,0.5972424745559692,8.74
side,9.32,0,0.3300059735774994,-5.973514556884766,-3.983325481414795,0.12495230883359909,0.002123757265508175,0.01801452599465847,4,False,0.5972418189048767,8.76
side,9.34,0,0.3300059735774994,-5.973489761352539,-3.9833452701568604,0.12495213001966476,0.0021260795183479786,0.01797083206474781,4,False,0.5972424149513245,8.78
side,9.36,0,0.330005943775177,-5.973465442657471,-3.9833178520202637,0.12495152652263641,0.0021226126700639725,0.017998231574892998,4,False,0.5972421169281006,8.8
side,9.38,0,0.330005943775177,-5.973475456237793,-3.9833641052246094,0.12495211511850357,0.002125039929524064,0.018013397231698036,4,False,0.5972424745559692,8.82
side,9.4,0,0.33000585436820984,-5.973510265350342,-3.983301877975464,0.12495201826095581,0.002122191246598959,0.017992177978157997,4,False,0.597241997718811,8.84
side,9.42,0,0.3300059735774994,-5.973483562469482,-3.9833743572235107,0.12495232373476028,0.002131291665136814,0.018001966178417206,4,False,0.597242534160614,8.86
side,9.44,0,0.33000603318214417,-5.973493576049805,-3.983304738998413,0.1249518021941185,0.0021178198512643576,0.017966147512197495,4,False,0.5972423553466797,8.88
side,9.46,0,0.3300059735774994,-5.973513126373291,-3.9833695888519287,0.12495270371437073,0.0021300502121448517,0.01807175949215889,4,False,0.5972421765327454,8.9
side,9.48,0,0.33000603318214417,-5.973482131958008,-3.9833242893218994,0.12495182454586029,0.002121261553838849,0.01793111488223076,4,False,0.5972424149513245,8.92
side,9.5,0,0.330005943775177,-5.973416805267334,-3.9833364486694336,0.12495099008083344,0.0021306034177541733,0.018068794161081314,4,False,0.5972420573234558,8.94
side,9.52,0,0.3300060033798218,-5.973471164703369,-3.983355760574341,0.12495198100805283,0.0021245633251965046,0.017998257651925087,4,False,0.5972426533699036,8.96
side,9.540000000000001,0,0.3300059735774994,-5.97341251373291,-3.9833333492279053,0.12495090067386627,0.002124427119269967,0.01799697056412697,4,False,0.597241997718811,8.98
side,9.56,0,0.3300060033798218,-5.97345495223999,-3.983344078063965,0.12495161592960358,0.002121774246916175,0.018019801005721092,4,False,0.5972424745559692,9.0
side,9.58,0,0.3300059735774994,-5.973483085632324,-3.983309507369995,0.12495169043540955,0.002119992161169648,0.017996003851294518,4,False,0.5972421169281006,9.02
side,9.6,0,0.3300060033798218,-5.973499774932861,-3.9833579063415527,0.12495239824056625,0.0021266371477395296,0.018007859587669373,4,False,0.5972427725791931,9.040000000000001
side,9.620000000000001,0,0.33000603318214417,-5.973453521728516,-3.9832818508148193,0.12495101243257523,0.002116949064657092,0.017952756956219673,4,False,0.5972423553466797,9.06
side,9.64,0,0.3300060033798218,-5.973472595214844,-3.9833247661590576,0.12495169788599014,0.002123842714354396,0.018023090437054634,4,False,0.5972427725791931,9.08
side,9.66,0,0.3300059735774994,-5.973551273345947,-3.9832844734191895,0.12495245784521103,0.0021230406127870083,0.018019726499915123,4,False,0.5972421765327454,9.1
side,9.68,0,0.3300059735774994,-5.973449230194092,-3.9833524227142334,0.12495161592960358,0.0021224471274763346,0.017973974347114563,4,False,0.5972429513931274,9.120000000000001
side,9.700000000000001,0,0.3300057649612427,-5.97347354888916,-3.9833009243011475,0.12495147436857224,0.0021200913470238447,0.018006745725870132,4,False,0.5972422361373901,9.14
side,9.72,0,0.33000582456588745,-5.9734883308410645,-3.983362913131714,0.1249522790312767,0.002132583409547806,0.01801726594567299,4,False,0.5972424149513245,9.16
side,9.74,0,0.3300059139728546,-5.973342418670654,-3.983322858810425,0.12494979053735733,0.0021157097071409225,0.01788235642015934,4,False,0.5972432494163513,9.18
side,9.76,0,0.33000585436820984,-5.973381042480469,-3.983320951461792,0.1249503344297409,0.002127234358340502,0.018100090324878693,4,False,0.5972426533699036,9.200000000000001
side,9.78,0,0.3300058841705322,-5.9734697341918945,-3.983336925506592,0.12495177239179611,0.002123183337971568,0.018017470836639404,4,False,0.5972428917884827,9.22
side,9.8,0,0.33000582456588745,-5.973404407501221,-3.983299970626831,0.12495046854019165,0.0021239432971924543,0.017967788502573967,4,False,0.5972424149513245,9.24
side,9.82,0,0.33000585436820984,-5.9734578132629395,-3.9833507537841797,0.12495172768831253,0.0021291275043040514,0.018102822825312614,4,False,0.5972427129745483,9.26
side,9.84,0,0.3300059139728546,-5.973489761352539,-3.983320951461792,0.12495189905166626,0.002120258053764701,0.01795503869652748,4,False,0.5972427725791931,9.28
side,9.86,0,0.33000582456588745,-5.973414897918701,-3.9833779335021973,0.12495136260986328,0.002125801518559456,0.017991438508033752,4,False,0.5972426533699036,9.3
side,9.88,0,0.33000579476356506,-5.973407745361328,-3.983316659927368,0.12495066970586777,0.002123897662386298,0.017972690984606743,4,False,0.5972425937652588,9.32
side,9.9,0,0.3300059139728546,-5.9734063148498535,-3.9833858013153076,0.1249513253569603,0.002126992680132389,0.018001792952418327,4,False,0.5972429513931274,9.34
side,9.92,0,0.33000582456588745,-5.973450183868408,-3.9833264350891113,0.12495138496160507,0.002110992558300495,0.01796419732272625,4,False,0.5972428917884827,9.36
side,9.94,0,0.3300057649612427,-5.973489761352539,-3.9833500385284424,0.12495217472314835,0.002132223453372717,0.018080562353134155,4,False,0.5972424745559692,9.38
side,9.96,0,0.33000582456588745,-5.973537921905518,-3.983375310897827,0.12495311349630356,0.0021266788244247437,0.018005304038524628,4,False,0.5972428917884827,9.4
side,9.98,0,0.33000579476356506,-5.9734954833984375,-3.9833364486694336,0.12495213001966476,0.002122656675055623,0.017969055101275444,4,False,0.5972424745559692,9.42
side,10.0,0,0.33000582456588745,-5.973521709442139,-3.9833576679229736,0.12495271116495132,0.002122030360624194,0.018012475222349167,4,False,0.5972427725791931,9.44
side,10.02,0,0.33000579476356506,-5.97350549697876,-3.983344078063965,0.12495233863592148,0.00212122336961329,0.01795588992536068,4,False,0.5972425937652588,9.46
side,10.040000000000001,0,0.33000582456588745,-5.973484516143799,-3.983368396759033,0.1249522864818573,0.002126432489603758,0.01801306940615177,4,False,0.5972424149513245,9.48
side,10.06,0,0.33000582456588745,-5.9734601974487305,-3.983355760574341,0.1249518096446991,0.002116795163601637,0.017943065613508224,4,False,0.5972427129745483,9.5
side,10.08,0,0.33000579476356506,-5.973490238189697,-3.983361005783081,0.1249522864818573,0.0021259316708892584,0.018046800047159195,4,False,0.5972425937652588,9.52
side,10.1,0,0.3300058841705322,-5.973482131958008,-3.9833621978759766,0.12495218962430954,0.0021228324621915817,0.01796490140259266,4,False,0.597243070602417,9.540000000000001
side,10.120000000000001,0,0.33000582456588745,-5.9734954833984375,-3.98335337638855,0.1249522939324379,0.0021262061782181263,0.018054941669106483,4,False,0.5972422957420349,9.56
side,10.14,0,0.3300058841705322,-5.9735331535339355,-3.9833879470825195,0.12495317310094833,0.00212371745146811,0.017996910959482193,4,False,0.5972427129745483,9.58
side,10.16,0,0.33000579476356506,-5.973517417907715,-3.983306407928467,0.12495216727256775,0.0021182545460760593,0.01794492080807686,4,False,0.5972423553466797,9.6
side,10.18,0,0.330005943775177,-5.973453521728516,-3.9834084510803223,0.12495221197605133,0.0021327564027160406,0.018061563372612,4,False,0.5972427725791931,9.620000000000001
side,10.200000000000001,0,0.3300057649612427,-5.973455429077148,-3.98331880569458,0.12495139241218567,0.002113188849762082,0.017948150634765625,4,False,0.5972421765327454,9.64
side,10.22,0,0.3300058841705322,-5.973485469818115,-3.9833810329437256,0.12495241314172745,0.002137816045433283,0.018092501908540726,4,False,0.5972427725791931,9.66
side,10.24,0,0.3300059139728546,-5.973407745361328,-3.983386754989624,0.12495135515928268,0.002114727161824703,0.01788194477558136,4,False,0.5972429513931274,9.68
side,10.26,0,0.3300057649612427,-5.973437786102295,-3.9833009243011475,0.12495096772909164,0.002125025261193514,0.018081199377775192,4,False,0.597241997718811,9.700000000000001
side,10.28,0,0.3300060033798218,-5.973472595214844,-3.9834084510803223,0.12495249509811401,0.0021358481608331203,0.01806490309536457,4,False,0.5972428917884827,9.72
side,10.3,0,0.330005943775177,-5.973390102386475,-3.9833085536956787,0.1249503493309021,0.002111471723765135,0.017885491251945496,4,False,0.5972421765327454,9.74
side,10.32,0,0.330005943775177,-5.973430633544922,-3.983351230621338,0.12495134025812149,0.0021366795990616083,0.01812671683728695,4,False,0.5972422957420349,9.76
side,10.34,0,0.33000603318214417,-5.973425388336182,-3.9833569526672363,0.1249513179063797,0.002122190548107028,0.017928773537278175,4,False,0.5972427129745483,9.78
side,10.36,0,0.3300059139728546,-5.973456859588623,-3.983293294906616,0.12495116144418716,0.0021233391016721725,0.018021071329712868,4,False,0.5972419381141663,9.8
side,10.38,0,0.33000606298446655,-5.973477840423584,-3.9833755493164062,0.12495225667953491,0.002131054410710931,0.01801745407283306,4,False,0.5972427725791931,9.82
side,10.4,0,0.330005943775177,-5.973409175872803,-3.98327898979187,0.1249503493309021,0.0021184710785746574,0.01795075088739395,4,False,0.5972416996955872,9.84
side,10.42,0,0.33000606298446655,-5.973467826843262,-3.983349084854126,0.12495186179876328,0.00213436596095562,0.018133241683244705,4,False,0.5972425937652588,9.86
side,10.44,0,0.33000603318214417,-5.973502159118652,-3.983320951461792,0.12495207786560059,0.002112693153321743,0.01792699284851551,4,False,0.5972422361373901,9.88
side,10.46,0,0.33000603318214417,-5.973461151123047,-3.983323097229004,0.12495151162147522,0.002133455593138933,0.01801709271967411,4,False,0.5972416996955872,9.9
side,10.48,0,0.33000609278678894,-5.973370552062988,-3.9833521842956543,0.12495048344135284,0.0021183062344789505,0.017958717420697212,4,False,0.5972427725791931,9.92
side,10.5,0,0.33000606298446655,-5.973456859588623,-3.9833080768585205,0.1249513030052185,0.0021163607016205788,0.018016811460256577,4,False,0.5972424745559692,9.94
side,10.52,0,0.33000603318214417,-5.973473072052002,-3.983365058898926,0.12495208531618118,0.002126390114426613,0.01802278496325016,4,False,0.597241997718811,9.96
side,10.540000000000001,0,0.33000609278678894,-5.973476886749268,-3.983320951461792,0.12495171278715134,0.002116636373102665,0.01792984828352928,4,False,0.5972424149513245,9.98
side,10.56,0,0.3300060033798218,-5.973412036895752,-3.983339786529541,0.12495095282793045,0.0021262960508465767,0.018071414902806282,4,False,0.5972421169281006,10.0
side,10.58,0,0.33000606298446655,-5.9734954833984375,-3.9833176136016846,0.12495195120573044,0.0021258520428091288,0.018011165782809258,4,False,0.5972421169281006,10.02
side,10.6,0,0.33000603318214417,-5.973471164703369,-3.9833478927612305,0.12495189905166626,0.0021214501466602087,0.017983723431825638,4,False,0.5972426533699036,10.040000000000001
side,10.620000000000001,0,0.33000603318214417,-5.9735107421875,-3.983297824859619,0.12495198845863342,0.0021218694746494293,0.018024275079369545,4,False,0.597241997718811,10.06
side,10.64,0,0.3300061523914337,-5.973501682281494,-3.983367919921875,0.1249525249004364,0.0021265747491270304,0.017993800342082977,4,False,0.5972424149513245,10.08
side,10.66,0,0.33000606298446655,-5.973419189453125,-3.983273983001709,0.12495043873786926,0.0021125553175807,0.017931995913386345,4,False,0.5972416996955872,10.1
side,10.68,0,0.33000612258911133,-5.973463535308838,-3.983323097229004,0.1249515488743782,0.00213543395511806,0.018112335354089737,4,False,0.597241997718811,10.120000000000001
side,10.700000000000001,0,0.3300061821937561,-5.973442077636719,-3.983339786529541,0.12495139986276627,0.0021185223013162613,0.01793634705245495,4,False,0.5972427725791931,10.14
side,10.72,0,0.33000606298446655,-5.973462104797363,-3.9832592010498047,0.12495091557502747,0.0021252573933452368,0.018065743148326874,4,False,0.5972414016723633,10.16
side,10.74,0,0.3300062119960785,-5.9734344482421875,-3.983361005783081,0.12495148926973343,0.002129562431946397,0.017994314432144165,4,False,0.5972422957420349,10.18
side,10.76,0,0.33000609278678894,-5.973386287689209,-3.9832680225372314,0.12494990229606628,0.002111826790496707,0.017921840772032738,4,False,0.5972420573234558,10.200000000000001
side,10.78,0,0.3300061523914337,-5.9734344482421875,-3.983320951461792,0.12495110929012299,0.0021307875867933035,0.01812269724905491,4,False,0.5972421169281006,10.22
side,10.8,0,0.3300062119960785,-5.973427772521973,-3.983322858810425,0.12495101988315582,0.0021159129682928324,0.01793111115694046,4,False,0.5972427725791931,10.24
side,10.82,0,0.3300060033798218,-5.973443984985352,-3.9832923412323,0.12495096772909164,0.00212944601662457,0.018100664019584656,4,False,0.5972419381141663,10.26
side,10.84,0,0.33000606298446655,-5.9734368324279785,-3.983339786529541,0.1249513179063797,0.0021268425043672323,0.017979459837079048,4,False,0.5972425937652588,10.28
side,10.86,0,0.3300060033798218,-5.97341251373291,-3.9832651615142822,0.12495025247335434,0.0021186619997024536,0.017971770837903023,4,False,0.5972422957420349,10.3
side,10.88,0,0.33000606298446655,-5.973440170288086,-3.9833412170410156,0.12495139241218567,0.0021288860589265823,0.018064679577946663,4,False,0.5972422957420349,10.32
side,10.9,0,0.33000606298446655,-5.973477363586426,-3.983288526535034,0.12495141476392746,0.0021172156557440758,0.017947843298316002,4,False,0.5972422957420349,10.34
side,10.92,0,0.33000606298446655,-5.973489761352539,-3.9833295345306396,0.12495198845863342,0.002128679770976305,0.018051639199256897,4,False,0.597241997718811,10.36
side,10.94,0,0.3300061523914337,-5.973504066467285,-3.983311891555786,0.12495202571153641,0.0021217556204646826,0.017965883016586304,4,False,0.5972421765327454,10.38
side,10.96,0,0.33000606298446655,-5.973427772521973,-3.9833085536956787,0.12495088577270508,0.0021232629660516977,0.018008984625339508,4,False,0.5972417593002319,10.4
side,10.98,0,0.33000606298446655,-5.973517894744873,-3.983306407928467,0.12495217472314835,0.002119602868333459,0.018022330477833748,4,False,0.5972427725791931,10.42
side,11.0,0,0.3300060033798218,-5.973494529724121,-3.983334541320801,0.12495210021734238,0.002128402004018426,0.01801193319261074,4,False,0.5972421169281006,10.44
